IndicatorCode,Indicator,ValueType,ParentLocationCode,ParentLocation,Location type,SpatialDimValueCode,Location,Period type,Period,IsLatestYear,Dim1 type,Dim1,Dim1ValueCode,Dim2 type,Dim2,Dim2ValueCode,Dim3 type,Dim3,Dim3ValueCode,DataSourceDimValueCode,DataSource,FactValueNumericPrefix,FactValueNumeric,FactValueUoM,FactValueNumericLowPrefix,FactValueNumericLow,FactValueNumericHighPrefix,FactValueNumericHigh,Value,FactValueTranslationID,FactComments,Language,DateModified
SRH_ABORTION_RATE,Abortion rate (model-estimated),numeric,EUR,Europe,Country,POL,Poland,Year,2015-2019,TRUE,Uncertainty interval,95% uncertainty,UNCERTAINTY_INTERVAL_UI95,,,,,,,,,,10.46,,,4,,28,10 [4-28],,,EN,2023-04-25T23:00:00.000Z
SRH_ABORTION_RATE,Abortion rate (model-estimated),numeric,EUR,Europe,Country,POL,Poland,Year,2015-2019,TRUE,Uncertainty interval,80% uncertainty,UNCERTAINTY_INTERVAL_UI80,,,,,,,,,,10.46,,,6,,20,10 [6-20],,,EN,2023-04-25T23:00:00.000Z
SRH_ABORTION_RATE,Abortion rate (model-estimated),numeric,EUR,Europe,Country,BGR,Bulgaria,Year,2015-2019,TRUE,Uncertainty interval,80% uncertainty,UNCERTAINTY_INTERVAL_UI80,,,,,,,,,,10.23,,,9,,11,10 [9-11],,,EN,2023-04-25T23:00:00.000Z
SRH_ABORTION_RATE,Abortion rate (model-estimated),numeric,EUR,Europe,Country,LVA,Latvia,Year,2015-2019,TRUE,Uncertainty interval,80% uncertainty,UNCERTAINTY_INTERVAL_UI80,,,,,,,,,,10.27,,,9,,11,10 [9-11],,,EN,2023-04-25T23:00:00.000Z
SRH_ABORTION_RATE,Abortion rate (model-estimated),numeric,EUR,Europe,Country,BLR,Belarus,Year,2015-2019,TRUE,Uncertainty interval,80% uncertainty,UNCERTAINTY_INTERVAL_UI80,,,,,,,,,,10.5,,,9,,12,10 [9-12],,,EN,2023-04-25T23:00:00.000Z
SRH_ABORTION_RATE,Abortion rate (model-estimated),numeric,EUR,Europe,Country,BLR,Belarus,Year,2015-2019,TRUE,Uncertainty interval,95% uncertainty,UNCERTAINTY_INTERVAL_UI95,,,,,,,,,,10.5,,,9,,12,10 [9-12],,,EN,2023-04-25T23:00:00.000Z
SRH_ABORTION_RATE,Abortion rate (model-estimated),numeric,EUR,Europe,Country,BGR,Bulgaria,Year,2015-2019,TRUE,Uncertainty interval,95% uncertainty,UNCERTAINTY_INTERVAL_UI95,,,,,,,,,,10.23,,,9,,12,10 [9-12],,,EN,2023-04-25T23:00:00.000Z
SRH_ABORTION_RATE,Abortion rate (model-estimated),numeric,EUR,Europe,Country,LVA,Latvia,Year,2015-2019,TRUE,Uncertainty interval,95% uncertainty,UNCERTAINTY_INTERVAL_UI95,,,,,,,,,,10.27,,,9,,12,10 [9-12],,,EN,2023-04-25T23:00:00.000Z
SRH_ABORTION_RATE,Abortion rate (model-estimated),numeric,EUR,Europe,Country,NOR,Norway,Year,2015-2019,TRUE,Uncertainty interval,95% uncertainty,UNCERTAINTY_INTERVAL_UI95,,,,,,,,,,10.83,,,10,,11,11 [10-11],,,EN,2023-04-25T23:00:00.000Z
SRH_ABORTION_RATE,Abortion rate (model-estimated),numeric,AMR,Americas,Country,URY,Uruguay,Year,2015-2019,TRUE,Uncertainty interval,95% uncertainty,UNCERTAINTY_INTERVAL_UI95,,,,,,,,,,11.44,,,10,,13,11 [10-13],,,EN,2023-04-25T23:00:00.000Z
SRH_ABORTION_RATE,Abortion rate (model-estimated),numeric,EUR,Europe,Country,NOR,Norway,Year,2015-2019,TRUE,Uncertainty interval,80% uncertainty,UNCERTAINTY_INTERVAL_UI80,,,,,,,,,,10.83,,,11,,11,11 [11-11],,,EN,2023-04-25T23:00:00.000Z
SRH_ABORTION_RATE,Abortion rate (model-estimated),numeric,AMR,Americas,Country,URY,Uruguay,Year,2015-2019,TRUE,Uncertainty interval,80% uncertainty,UNCERTAINTY_INTERVAL_UI80,,,,,,,,,,11.44,,,11,,12,11 [11-12],,,EN,2023-04-25T23:00:00.000Z
SRH_ABORTION_RATE,Abortion rate (model-estimated),numeric,EUR,Europe,Country,BIH,Bosnia and Herzegovina,Year,2015-2019,TRUE,Uncertainty interval,95% uncertainty,UNCERTAINTY_INTERVAL_UI95,,,,,,,,,,11.01,,,5,,24,11 [5-24],,,EN,2023-04-25T23:00:00.000Z
SRH_ABORTION_RATE,Abortion rate (model-estimated),numeric,EUR,Europe,Country,BIH,Bosnia and Herzegovina,Year,2015-2019,TRUE,Uncertainty interval,80% uncertainty,UNCERTAINTY_INTERVAL_UI80,,,,,,,,,,11.01,,,7,,18,11 [7-18],,,EN,2023-04-25T23:00:00.000Z
SRH_ABORTION_RATE,Abortion rate (model-estimated),numeric,AMR,Americas,Country,CAN,Canada,Year,2015-2019,TRUE,Uncertainty interval,80% uncertainty,UNCERTAINTY_INTERVAL_UI80,,,,,,,,,,11.57,,,11,,12,12 [11-12],,,EN,2023-04-25T23:00:00.000Z
SRH_ABORTION_RATE,Abortion rate (model-estimated),numeric,AMR,Americas,Country,CAN,Canada,Year,2015-2019,TRUE,Uncertainty interval,95% uncertainty,UNCERTAINTY_INTERVAL_UI95,,,,,,,,,,11.57,,,11,,12,12 [11-12],,,EN,2023-04-25T23:00:00.000Z
SRH_ABORTION_RATE,Abortion rate (model-estimated),numeric,EUR,Europe,Country,DNK,Denmark,Year,2015-2019,TRUE,Uncertainty interval,80% uncertainty,UNCERTAINTY_INTERVAL_UI80,,,,,,,,,,11.6,,,11,,12,12 [11-12],,,EN,2023-04-25T23:00:00.000Z
SRH_ABORTION_RATE,Abortion rate (model-estimated),numeric,EUR,Europe,Country,DNK,Denmark,Year,2015-2019,TRUE,Uncertainty interval,95% uncertainty,UNCERTAINTY_INTERVAL_UI95,,,,,,,,,,11.6,,,11,,12,12 [11-12],,,EN,2023-04-25T23:00:00.000Z
SRH_ABORTION_RATE,Abortion rate (model-estimated),numeric,WPR,Western Pacific,Country,NZL,New Zealand,Year,2015-2019,TRUE,Uncertainty interval,95% uncertainty,UNCERTAINTY_INTERVAL_UI95,,,,,,,,,,11.98,,,11,,13,12 [11-13],,,EN,2023-04-25T23:00:00.000Z
SRH_ABORTION_RATE,Abortion rate (model-estimated),numeric,AMR,Americas,Country,USA,United States of America,Year,2015-2019,TRUE,Uncertainty interval,95% uncertainty,UNCERTAINTY_INTERVAL_UI95,,,,,,,,,,11.88,,,11,,13,12 [11-13],,,EN,2023-04-25T23:00:00.000Z
SRH_ABORTION_RATE,Abortion rate (model-estimated),numeric,WPR,Western Pacific,Country,NZL,New Zealand,Year,2015-2019,TRUE,Uncertainty interval,80% uncertainty,UNCERTAINTY_INTERVAL_UI80,,,,,,,,,,11.98,,,12,,12,12 [12-12],,,EN,2023-04-25T23:00:00.000Z
SRH_ABORTION_RATE,Abortion rate (model-estimated),numeric,AMR,Americas,Country,USA,United States of America,Year,2015-2019,TRUE,Uncertainty interval,80% uncertainty,UNCERTAINTY_INTERVAL_UI80,,,,,,,,,,11.88,,,12,,12,12 [12-12],,,EN,2023-04-25T23:00:00.000Z
SRH_ABORTION_RATE,Abortion rate (model-estimated),numeric,EUR,Europe,Country,SRB,Serbia,Year,2015-2019,TRUE,Uncertainty interval,80% uncertainty,UNCERTAINTY_INTERVAL_UI80,,,,,,,,,,12.7,,,10,,18,13 [10-18],,,EN,2023-04-25T23:00:00.000Z
SRH_ABORTION_RATE,Abortion rate (model-estimated),numeric,EUR,Europe,Country,ISL,Iceland,Year,2015-2019,TRUE,Uncertainty interval,80% uncertainty,UNCERTAINTY_INTERVAL_UI80,,,,,,,,,,12.74,,,12,,13,13 [12-13],,,EN,2023-04-25T23:00:00.000Z
SRH_ABORTION_RATE,Abortion rate (model-estimated),numeric,EUR,Europe,Country,ISL,Iceland,Year,2015-2019,TRUE,Uncertainty interval,95% uncertainty,UNCERTAINTY_INTERVAL_UI95,,,,,,,,,,12.74,,,12,,13,13 [12-13],,,EN,2023-04-25T23:00:00.000Z
SRH_ABORTION_RATE,Abortion rate (model-estimated),numeric,EUR,Europe,Country,GBR,United Kingdom of Great Britain and Northern Ireland,Year,2015-2019,TRUE,Uncertainty interval,80% uncertainty,UNCERTAINTY_INTERVAL_UI80,,,,,,,,,,13.1,,,13,,14,13 [13-14],,,EN,2023-04-25T23:00:00.000Z
SRH_ABORTION_RATE,Abortion rate (model-estimated),numeric,EUR,Europe,Country,GBR,United Kingdom of Great Britain and Northern Ireland,Year,2015-2019,TRUE,Uncertainty interval,95% uncertainty,UNCERTAINTY_INTERVAL_UI95,,,,,,,,,,13.1,,,13,,14,13 [13-14],,,EN,2023-04-25T23:00:00.000Z
SRH_ABORTION_RATE,Abortion rate (model-estimated),numeric,EUR,Europe,Country,SRB,Serbia,Year,2015-2019,TRUE,Uncertainty interval,95% uncertainty,UNCERTAINTY_INTERVAL_UI95,,,,,,,,,,12.7,,,8,,21,13 [8-21],,,EN,2023-04-25T23:00:00.000Z
SRH_ABORTION_RATE,Abortion rate (model-estimated),numeric,EUR,Europe,Country,MKD,North Macedonia,Year,2015-2019,TRUE,Uncertainty interval,95% uncertainty,UNCERTAINTY_INTERVAL_UI95,,,,,,,,,,14.28,,,10,,25,14 [10-25],,,EN,2023-04-25T23:00:00.000Z
SRH_ABORTION_RATE,Abortion rate (model-estimated),numeric,EUR,Europe,Country,MKD,North Macedonia,Year,2015-2019,TRUE,Uncertainty interval,80% uncertainty,UNCERTAINTY_INTERVAL_UI80,,,,,,,,,,14.28,,,11,,20,14 [11-20],,,EN,2023-04-25T23:00:00.000Z
SRH_ABORTION_RATE,Abortion rate (model-estimated),numeric,EUR,Europe,Country,HUN,Hungary,Year,2015-2019,TRUE,Uncertainty interval,95% uncertainty,UNCERTAINTY_INTERVAL_UI95,,,,,,,,,,13.56,,,12,,15,14 [12-15],,,EN,2023-04-25T23:00:00.000Z
SRH_ABORTION_RATE,Abortion rate (model-estimated),numeric,EUR,Europe,Country,HUN,Hungary,Year,2015-2019,TRUE,Uncertainty interval,80% uncertainty,UNCERTAINTY_INTERVAL_UI80,,,,,,,,,,13.56,,,13,,15,14 [13-15],,,EN,2023-04-25T23:00:00.000Z
SRH_ABORTION_RATE,Abortion rate (model-estimated),numeric,EUR,Europe,Country,FRA,France,Year,2015-2019,TRUE,Uncertainty interval,80% uncertainty,UNCERTAINTY_INTERVAL_UI80,,,,,,,,,,14.35,,,14,,15,14 [14-15],,,EN,2023-04-25T23:00:00.000Z
SRH_ABORTION_RATE,Abortion rate (model-estimated),numeric,EUR,Europe,Country,FRA,France,Year,2015-2019,TRUE,Uncertainty interval,95% uncertainty,UNCERTAINTY_INTERVAL_UI95,,,,,,,,,,14.35,,,14,,15,14 [14-15],,,EN,2023-04-25T23:00:00.000Z
SRH_ABORTION_RATE,Abortion rate (model-estimated),numeric,AFR,Africa,Country,SEN,Senegal,Year,2015-2019,TRUE,Uncertainty interval,95% uncertainty,UNCERTAINTY_INTERVAL_UI95,,,,,,,,,,15.27,,,10,,23,15 [10-23],,,EN,2023-04-25T23:00:00.000Z
SRH_ABORTION_RATE,Abortion rate (model-estimated),numeric,AFR,Africa,Country,SEN,Senegal,Year,2015-2019,TRUE,Uncertainty interval,80% uncertainty,UNCERTAINTY_INTERVAL_UI80,,,,,,,,,,15.27,,,11,,20,15 [11-20],,,EN,2023-04-25T23:00:00.000Z
SRH_ABORTION_RATE,Abortion rate (model-estimated),numeric,AMR,Americas,Country,NIC,Nicaragua,Year,2015-2019,TRUE,Uncertainty interval,95% uncertainty,UNCERTAINTY_INTERVAL_UI95,,,,,,,,,,15.32,,,4,,36,15 [4-36],,,EN,2023-04-25T23:00:00.000Z
SRH_ABORTION_RATE,Abortion rate (model-estimated),numeric,AFR,Africa,Country,NER,Niger,Year,2015-2019,TRUE,Uncertainty interval,95% uncertainty,UNCERTAINTY_INTERVAL_UI95,,,,,,,,,,15.22,,,5,,33,15 [5-33],,,EN,2023-04-25T23:00:00.000Z
SRH_ABORTION_RATE,Abortion rate (model-estimated),numeric,AMR,Americas,Country,NIC,Nicaragua,Year,2015-2019,TRUE,Uncertainty interval,80% uncertainty,UNCERTAINTY_INTERVAL_UI80,,,,,,,,,,15.32,,,7,,27,15 [7-27],,,EN,2023-04-25T23:00:00.000Z
SRH_ABORTION_RATE,Abortion rate (model-estimated),numeric,EUR,Europe,Country,GRC,Greece,Year,2015-2019,TRUE,Uncertainty interval,95% uncertainty,UNCERTAINTY_INTERVAL_UI95,,,,,,,,,,14.99,,,7,,41,15 [7-41],,,EN,2023-04-25T23:00:00.000Z
SRH_ABORTION_RATE,Abortion rate (model-estimated),numeric,AFR,Africa,Country,NER,Niger,Year,2015-2019,TRUE,Uncertainty interval,80% uncertainty,UNCERTAINTY_INTERVAL_UI80,,,,,,,,,,15.22,,,8,,26,15 [8-26],,,EN,2023-04-25T23:00:00.000Z
SRH_ABORTION_RATE,Abortion rate (model-estimated),numeric,EUR,Europe,Country,GRC,Greece,Year,2015-2019,TRUE,Uncertainty interval,80% uncertainty,UNCERTAINTY_INTERVAL_UI80,,,,,,,,,,14.99,,,8,,31,15 [8-31],,,EN,2023-04-25T23:00:00.000Z
SRH_ABORTION_RATE,Abortion rate (model-estimated),numeric,WPR,Western Pacific,Country,AUS,Australia,Year,2015-2019,TRUE,Uncertainty interval,95% uncertainty,UNCERTAINTY_INTERVAL_UI95,,,,,,,,,,16.12,,,10,,23,16 [10-23],,,EN,2023-04-25T23:00:00.000Z
SRH_ABORTION_RATE,Abortion rate (model-estimated),numeric,EUR,Europe,Country,HRV,Croatia,Year,2015-2019,TRUE,Uncertainty interval,80% uncertainty,UNCERTAINTY_INTERVAL_UI80,,,,,,,,,,16.47,,,11,,27,16 [11-27],,,EN,2023-04-25T23:00:00.000Z
SRH_ABORTION_RATE,Abortion rate (model-estimated),numeric,WPR,Western Pacific,Country,AUS,Australia,Year,2015-2019,TRUE,Uncertainty interval,80% uncertainty,UNCERTAINTY_INTERVAL_UI80,,,,,,,,,,16.12,,,12,,21,16 [12-21],,,EN,2023-04-25T23:00:00.000Z
SRH_ABORTION_RATE,Abortion rate (model-estimated),numeric,EUR,Europe,Country,EST,Estonia,Year,2015-2019,TRUE,Uncertainty interval,95% uncertainty,UNCERTAINTY_INTERVAL_UI95,,,,,,,,,,15.86,,,14,,18,16 [14-18],,,EN,2023-04-25T23:00:00.000Z
SRH_ABORTION_RATE,Abortion rate (model-estimated),numeric,EUR,Europe,Country,EST,Estonia,Year,2015-2019,TRUE,Uncertainty interval,80% uncertainty,UNCERTAINTY_INTERVAL_UI80,,,,,,,,,,15.86,,,15,,17,16 [15-17],,,EN,2023-04-25T23:00:00.000Z
SRH_ABORTION_RATE,Abortion rate (model-estimated),numeric,AFR,Africa,Country,GMB,Gambia,Year,2015-2019,TRUE,Uncertainty interval,95% uncertainty,UNCERTAINTY_INTERVAL_UI95,,,,,,,,,,16.41,,,4,,37,16 [4-37],,,EN,2023-04-25T23:00:00.000Z
SRH_ABORTION_RATE,Abortion rate (model-estimated),numeric,AFR,Africa,Country,GMB,Gambia,Year,2015-2019,TRUE,Uncertainty interval,80% uncertainty,UNCERTAINTY_INTERVAL_UI80,,,,,,,,,,16.41,,,8,,28,16 [8-28],,,EN,2023-04-25T23:00:00.000Z
SRH_ABORTION_RATE,Abortion rate (model-estimated),numeric,EUR,Europe,Country,HRV,Croatia,Year,2015-2019,TRUE,Uncertainty interval,95% uncertainty,UNCERTAINTY_INTERVAL_UI95,,,,,,,,,,16.47,,,8,,35,16 [8-35],,,EN,2023-04-25T23:00:00.000Z
SRH_ABORTION_RATE,Abortion rate (model-estimated),numeric,EUR,Europe,Country,SWE,Sweden,Year,2015-2019,TRUE,Uncertainty interval,80% uncertainty,UNCERTAINTY_INTERVAL_UI80,,,,,,,,,,17.32,,,17,,18,17 [17-18],,,EN,2023-04-25T23:00:00.000Z
SRH_ABORTION_RATE,Abortion rate (model-estimated),numeric,EUR,Europe,Country,SWE,Sweden,Year,2015-2019,TRUE,Uncertainty interval,95% uncertainty,UNCERTAINTY_INTERVAL_UI95,,,,,,,,,,17.32,,,17,,18,17 [17-18],,,EN,2023-04-25T23:00:00.000Z
SRH_ABORTION_RATE,Abortion rate (model-estimated),numeric,AFR,Africa,Country,MRT,Mauritania,Year,2015-2019,TRUE,Uncertainty interval,95% uncertainty,UNCERTAINTY_INTERVAL_UI95,,,,,,,,,,17,,,3,,41,17 [3-41],,,EN,2023-04-25T23:00:00.000Z
SRH_ABORTION_RATE,Abortion rate (model-estimated),numeric,AFR,Africa,Country,TCD,Chad,Year,2015-2019,TRUE,Uncertainty interval,95% uncertainty,UNCERTAINTY_INTERVAL_UI95,,,,,,,,,,17.39,,,4,,40,17 [4-40],,,EN,2023-04-25T23:00:00.000Z
SRH_ABORTION_RATE,Abortion rate (model-estimated),numeric,AFR,Africa,Country,MRT,Mauritania,Year,2015-2019,TRUE,Uncertainty interval,80% uncertainty,UNCERTAINTY_INTERVAL_UI80,,,,,,,,,,17,,,7,,31,17 [7-31],,,EN,2023-04-25T23:00:00.000Z
SRH_ABORTION_RATE,Abortion rate (model-estimated),numeric,AFR,Africa,Country,TCD,Chad,Year,2015-2019,TRUE,Uncertainty interval,80% uncertainty,UNCERTAINTY_INTERVAL_UI80,,,,,,,,,,17.39,,,8,,31,17 [8-31],,,EN,2023-04-25T23:00:00.000Z
SRH_ABORTION_RATE,Abortion rate (model-estimated),numeric,EUR,Europe,Country,MDA,Republic of Moldova,Year,2015-2019,TRUE,Uncertainty interval,95% uncertainty,UNCERTAINTY_INTERVAL_UI95,,,,,,,,,,18.23,,,11,,35,18 [11-35],,,EN,2023-04-25T23:00:00.000Z
SRH_ABORTION_RATE,Abortion rate (model-estimated),numeric,EUR,Europe,Country,MDA,Republic of Moldova,Year,2015-2019,TRUE,Uncertainty interval,80% uncertainty,UNCERTAINTY_INTERVAL_UI80,,,,,,,,,,18.23,,,13,,28,18 [13-28],,,EN,2023-04-25T23:00:00.000Z
SRH_ABORTION_RATE,Abortion rate (model-estimated),numeric,AFR,Africa,Country,ZWE,Zimbabwe,Year,2015-2019,TRUE,Uncertainty interval,95% uncertainty,UNCERTAINTY_INTERVAL_UI95,,,,,,,,,,18.24,,,14,,24,18 [14-24],,,EN,2023-04-25T23:00:00.000Z
SRH_ABORTION_RATE,Abortion rate (model-estimated),numeric,AFR,Africa,Country,ZWE,Zimbabwe,Year,2015-2019,TRUE,Uncertainty interval,80% uncertainty,UNCERTAINTY_INTERVAL_UI80,,,,,,,,,,18.24,,,16,,22,18 [16-22],,,EN,2023-04-25T23:00:00.000Z
SRH_ABORTION_RATE,Abortion rate (model-estimated),numeric,EUR,Europe,Country,TKM,Turkmenistan,Year,2015-2019,TRUE,Uncertainty interval,95% uncertainty,UNCERTAINTY_INTERVAL_UI95,,,,,,,,,,18.87,,,10,,34,19 [10-34],,,EN,2023-04-25T23:00:00.000Z
SRH_ABORTION_RATE,Abortion rate (model-estimated),numeric,AMR,Americas,Country,GTM,Guatemala,Year,2015-2019,TRUE,Uncertainty interval,95% uncertainty,UNCERTAINTY_INTERVAL_UI95,,,,,,,,,,18.86,,,10,,35,19 [10-35],,,EN,2023-04-25T23:00:00.000Z
SRH_ABORTION_RATE,Abortion rate (model-estimated),numeric,EUR,Europe,Country,ITA,Italy,Year,2015-2019,TRUE,Uncertainty interval,95% uncertainty,UNCERTAINTY_INTERVAL_UI95,,,,,,,,,,18.91,,,10,,35,19 [10-35],,,EN,2023-04-25T23:00:00.000Z
SRH_ABORTION_RATE,Abortion rate (model-estimated),numeric,EUR,Europe,Country,ITA,Italy,Year,2015-2019,TRUE,Uncertainty interval,80% uncertainty,UNCERTAINTY_INTERVAL_UI80,,,,,,,,,,18.91,,,12,,28,19 [12-28],,,EN,2023-04-25T23:00:00.000Z
SRH_ABORTION_RATE,Abortion rate (model-estimated),numeric,AMR,Americas,Country,GTM,Guatemala,Year,2015-2019,TRUE,Uncertainty interval,80% uncertainty,UNCERTAINTY_INTERVAL_UI80,,,,,,,,,,18.86,,,12,,29,19 [12-29],,,EN,2023-04-25T23:00:00.000Z
SRH_ABORTION_RATE,Abortion rate (model-estimated),numeric,EUR,Europe,Country,TKM,Turkmenistan,Year,2015-2019,TRUE,Uncertainty interval,80% uncertainty,UNCERTAINTY_INTERVAL_UI80,,,,,,,,,,18.87,,,13,,28,19 [13-28],,,EN,2023-04-25T23:00:00.000Z
SRH_ABORTION_RATE,Abortion rate (model-estimated),numeric,EMR,Eastern Mediterranean,Country,DJI,Djibouti,Year,2015-2019,TRUE,Uncertainty interval,80% uncertainty,UNCERTAINTY_INTERVAL_UI80,,,,,,,,,,20.56,,,10,,37,21 [10-37],,,EN,2023-04-25T23:00:00.000Z
SRH_ABORTION_RATE,Abortion rate (model-estimated),numeric,AFR,Africa,Country,ERI,Eritrea,Year,2015-2019,TRUE,Uncertainty interval,80% uncertainty,UNCERTAINTY_INTERVAL_UI80,,,,,,,,,,20.68,,,11,,37,21 [11-37],,,EN,2023-04-25T23:00:00.000Z
SRH_ABORTION_RATE,Abortion rate (model-estimated),numeric,AMR,Americas,Country,CRI,Costa Rica,Year,2015-2019,TRUE,Uncertainty interval,95% uncertainty,UNCERTAINTY_INTERVAL_UI95,,,,,,,,,,21.07,,,13,,34,21 [13-34],,,EN,2023-04-25T23:00:00.000Z
SRH_ABORTION_RATE,Abortion rate (model-estimated),numeric,EUR,Europe,Country,UKR,Ukraine,Year,2015-2019,TRUE,Uncertainty interval,95% uncertainty,UNCERTAINTY_INTERVAL_UI95,,,,,,,,,,20.5,,,14,,38,21 [14-38],,,EN,2023-04-25T23:00:00.000Z
SRH_ABORTION_RATE,Abortion rate (model-estimated),numeric,WPR,Western Pacific,Country,KOR,Republic of Korea,Year,2015-2019,TRUE,Uncertainty interval,95% uncertainty,UNCERTAINTY_INTERVAL_UI95,,,,,,,,,,21,,,14,,40,21 [14-40],,,EN,2023-04-25T23:00:00.000Z
SRH_ABORTION_RATE,Abortion rate (model-estimated),numeric,AMR,Americas,Country,CRI,Costa Rica,Year,2015-2019,TRUE,Uncertainty interval,80% uncertainty,UNCERTAINTY_INTERVAL_UI80,,,,,,,,,,21.07,,,15,,28,21 [15-28],,,EN,2023-04-25T23:00:00.000Z
SRH_ABORTION_RATE,Abortion rate (model-estimated),numeric,EUR,Europe,Country,UKR,Ukraine,Year,2015-2019,TRUE,Uncertainty interval,80% uncertainty,UNCERTAINTY_INTERVAL_UI80,,,,,,,,,,20.5,,,15,,30,21 [15-30],,,EN,2023-04-25T23:00:00.000Z
SRH_ABORTION_RATE,Abortion rate (model-estimated),numeric,WPR,Western Pacific,Country,KOR,Republic of Korea,Year,2015-2019,TRUE,Uncertainty interval,80% uncertainty,UNCERTAINTY_INTERVAL_UI80,,,,,,,,,,21,,,16,,31,21 [16-31],,,EN,2023-04-25T23:00:00.000Z
SRH_ABORTION_RATE,Abortion rate (model-estimated),numeric,WPR,Western Pacific,Country,MNG,Mongolia,Year,2015-2019,TRUE,Uncertainty interval,95% uncertainty,UNCERTAINTY_INTERVAL_UI95,,,,,,,,,,21,,,18,,23,21 [18-23],,,EN,2023-04-25T23:00:00.000Z
SRH_ABORTION_RATE,Abortion rate (model-estimated),numeric,WPR,Western Pacific,Country,MNG,Mongolia,Year,2015-2019,TRUE,Uncertainty interval,80% uncertainty,UNCERTAINTY_INTERVAL_UI80,,,,,,,,,,21,,,19,,22,21 [19-22],,,EN,2023-04-25T23:00:00.000Z
SRH_ABORTION_RATE,Abortion rate (model-estimated),numeric,AMR,Americas,Country,HND,Honduras,Year,2015-2019,TRUE,Uncertainty interval,95% uncertainty,UNCERTAINTY_INTERVAL_UI95,,,,,,,,,,20.69,,,4,,50,21 [4-50],,,EN,2023-04-25T23:00:00.000Z
SRH_ABORTION_RATE,Abortion rate (model-estimated),numeric,AFR,Africa,Country,ERI,Eritrea,Year,2015-2019,TRUE,Uncertainty interval,95% uncertainty,UNCERTAINTY_INTERVAL_UI95,,,,,,,,,,20.68,,,7,,50,21 [7-50],,,EN,2023-04-25T23:00:00.000Z
SRH_ABORTION_RATE,Abortion rate (model-estimated),numeric,EMR,Eastern Mediterranean,Country,DJI,Djibouti,Year,2015-2019,TRUE,Uncertainty interval,95% uncertainty,UNCERTAINTY_INTERVAL_UI95,,,,,,,,,,20.56,,,7,,52,21 [7-52],,,EN,2023-04-25T23:00:00.000Z
SRH_ABORTION_RATE,Abortion rate (model-estimated),numeric,AMR,Americas,Country,HND,Honduras,Year,2015-2019,TRUE,Uncertainty interval,80% uncertainty,UNCERTAINTY_INTERVAL_UI80,,,,,,,,,,20.69,,,8,,39,21 [8-39],,,EN,2023-04-25T23:00:00.000Z
SRH_ABORTION_RATE,Abortion rate (model-estimated),numeric,AFR,Africa,Country,LSO,Lesotho,Year,2015-2019,TRUE,Uncertainty interval,80% uncertainty,UNCERTAINTY_INTERVAL_UI80,,,,,,,,,,23.48,,,11,,44,23 [11-44],,,EN,2023-04-25T23:00:00.000Z
SRH_ABORTION_RATE,Abortion rate (model-estimated),numeric,AFR,Africa,Country,MLI,Mali,Year,2015-2019,TRUE,Uncertainty interval,80% uncertainty,UNCERTAINTY_INTERVAL_UI80,,,,,,,,,,22.51,,,12,,37,23 [12-37],,,EN,2023-04-25T23:00:00.000Z
SRH_ABORTION_RATE,Abortion rate (model-estimated),numeric,EUR,Europe,Country,UZB,Uzbekistan,Year,2015-2019,TRUE,Uncertainty interval,95% uncertainty,UNCERTAINTY_INTERVAL_UI95,,,,,,,,,,22.71,,,13,,45,23 [13-45],,,EN,2023-04-25T23:00:00.000Z
SRH_ABORTION_RATE,Abortion rate (model-estimated),numeric,EUR,Europe,Country,UZB,Uzbekistan,Year,2015-2019,TRUE,Uncertainty interval,80% uncertainty,UNCERTAINTY_INTERVAL_UI80,,,,,,,,,,22.71,,,15,,35,23 [15-35],,,EN,2023-04-25T23:00:00.000Z
SRH_ABORTION_RATE,Abortion rate (model-estimated),numeric,AFR,Africa,Country,LSO,Lesotho,Year,2015-2019,TRUE,Uncertainty interval,95% uncertainty,UNCERTAINTY_INTERVAL_UI95,,,,,,,,,,23.48,,,6,,61,23 [6-61],,,EN,2023-04-25T23:00:00.000Z
SRH_ABORTION_RATE,Abortion rate (model-estimated),numeric,AFR,Africa,Country,MLI,Mali,Year,2015-2019,TRUE,Uncertainty interval,95% uncertainty,UNCERTAINTY_INTERVAL_UI95,,,,,,,,,,22.51,,,8,,47,23 [8-47],,,EN,2023-04-25T23:00:00.000Z
SRH_ABORTION_RATE,Abortion rate (model-estimated),numeric,AMR,Americas,Country,SLV,El Salvador,Year,2015-2019,TRUE,Uncertainty interval,80% uncertainty,UNCERTAINTY_INTERVAL_UI80,,,,,,,,,,24.03,,,12,,40,24 [12-40],,,EN,2023-04-25T23:00:00.000Z
SRH_ABORTION_RATE,Abortion rate (model-estimated),numeric,AFR,Africa,Country,ETH,Ethiopia,Year,2015-2019,TRUE,Uncertainty interval,95% uncertainty,UNCERTAINTY_INTERVAL_UI95,,,,,,,,,,24.38,,,17,,35,24 [17-35],,,EN,2023-04-25T23:00:00.000Z
SRH_ABORTION_RATE,Abortion rate (model-estimated),numeric,AFR,Africa,Country,ETH,Ethiopia,Year,2015-2019,TRUE,Uncertainty interval,80% uncertainty,UNCERTAINTY_INTERVAL_UI80,,,,,,,,,,24.38,,,20,,31,24 [20-31],,,EN,2023-04-25T23:00:00.000Z
SRH_ABORTION_RATE,Abortion rate (model-estimated),numeric,AMR,Americas,Country,SLV,El Salvador,Year,2015-2019,TRUE,Uncertainty interval,95% uncertainty,UNCERTAINTY_INTERVAL_UI95,,,,,,,,,,24.03,,,9,,51,24 [9-51],,,EN,2023-04-25T23:00:00.000Z
SRH_ABORTION_RATE,Abortion rate (model-estimated),numeric,SEAR,South-East Asia,Country,IDN,Indonesia,Year,2015-2019,TRUE,Uncertainty interval,95% uncertainty,UNCERTAINTY_INTERVAL_UI95,,,,,,,,,,25,,,10,,52,25 [10-52],,,EN,2023-04-25T23:00:00.000Z
SRH_ABORTION_RATE,Abortion rate (model-estimated),numeric,WPR,Western Pacific,Country,TON,Tonga,Year,2015-2019,TRUE,Uncertainty interval,80% uncertainty,UNCERTAINTY_INTERVAL_UI80,,,,,,,,,,24.99,,,11,,50,25 [11-50],,,EN,2023-04-25T23:00:00.000Z
SRH_ABORTION_RATE,Abortion rate (model-estimated),numeric,AFR,Africa,Country,SSD,South Sudan,Year,2015-2019,TRUE,Uncertainty interval,80% uncertainty,UNCERTAINTY_INTERVAL_UI80,,,,,,,,,,24.53,,,12,,45,25 [12-45],,,EN,2023-04-25T23:00:00.000Z
SRH_ABORTION_RATE,Abortion rate (model-estimated),numeric,SEAR,South-East Asia,Country,THA,Thailand,Year,2015-2019,TRUE,Uncertainty interval,80% uncertainty,UNCERTAINTY_INTERVAL_UI80,,,,,,,,,,25,,,13,,45,25 [13-45],,,EN,2023-04-25T23:00:00.000Z
SRH_ABORTION_RATE,Abortion rate (model-estimated),numeric,SEAR,South-East Asia,Country,IDN,Indonesia,Year,2015-2019,TRUE,Uncertainty interval,80% uncertainty,UNCERTAINTY_INTERVAL_UI80,,,,,,,,,,25,,,14,,41,25 [14-41],,,EN,2023-04-25T23:00:00.000Z
SRH_ABORTION_RATE,Abortion rate (model-estimated),numeric,WPR,Western Pacific,Country,TON,Tonga,Year,2015-2019,TRUE,Uncertainty interval,95% uncertainty,UNCERTAINTY_INTERVAL_UI95,,,,,,,,,,24.99,,,7,,72,25 [7-72],,,EN,2023-04-25T23:00:00.000Z
SRH_ABORTION_RATE,Abortion rate (model-estimated),numeric,AFR,Africa,Country,SSD,South Sudan,Year,2015-2019,TRUE,Uncertainty interval,95% uncertainty,UNCERTAINTY_INTERVAL_UI95,,,,,,,,,,24.53,,,8,,61,25 [8-61],,,EN,2023-04-25T23:00:00.000Z
SRH_ABORTION_RATE,Abortion rate (model-estimated),numeric,SEAR,South-East Asia,Country,THA,Thailand,Year,2015-2019,TRUE,Uncertainty interval,95% uncertainty,UNCERTAINTY_INTERVAL_UI95,,,,,,,,,,25,,,9,,60,25 [9-60],,,EN,2023-04-25T23:00:00.000Z
SRH_ABORTION_RATE,Abortion rate (model-estimated),numeric,SEAR,South-East Asia,Country,MMR,Myanmar,Year,2015-2019,TRUE,Uncertainty interval,95% uncertainty,UNCERTAINTY_INTERVAL_UI95,,,,,,,,,,26,,,10,,55,26 [10-55],,,EN,2023-04-25T23:00:00.000Z
SRH_ABORTION_RATE,Abortion rate (model-estimated),numeric,AFR,Africa,Country,BDI,Burundi,Year,2015-2019,TRUE,Uncertainty interval,80% uncertainty,UNCERTAINTY_INTERVAL_UI80,,,,,,,,,,25.59,,,12,,43,26 [12-43],,,EN,2023-04-25T23:00:00.000Z
SRH_ABORTION_RATE,Abortion rate (model-estimated),numeric,SEAR,South-East Asia,Country,MMR,Myanmar,Year,2015-2019,TRUE,Uncertainty interval,80% uncertainty,UNCERTAINTY_INTERVAL_UI80,,,,,,,,,,26,,,14,,43,26 [14-43],,,EN,2023-04-25T23:00:00.000Z
SRH_ABORTION_RATE,Abortion rate (model-estimated),numeric,AFR,Africa,Country,GIN,Guinea,Year,2015-2019,TRUE,Uncertainty interval,80% uncertainty,UNCERTAINTY_INTERVAL_UI80,,,,,,,,,,26.45,,,14,,45,26 [14-45],,,EN,2023-04-25T23:00:00.000Z
SRH_ABORTION_RATE,Abortion rate (model-estimated),numeric,EUR,Europe,Country,TJK,Tajikistan,Year,2015-2019,TRUE,Uncertainty interval,95% uncertainty,UNCERTAINTY_INTERVAL_UI95,,,,,,,,,,25.77,,,15,,60,26 [15-60],,,EN,2023-04-25T23:00:00.000Z
SRH_ABORTION_RATE,Abortion rate (model-estimated),numeric,EUR,Europe,Country,TJK,Tajikistan,Year,2015-2019,TRUE,Uncertainty interval,80% uncertainty,UNCERTAINTY_INTERVAL_UI80,,,,,,,,,,25.77,,,17,,44,26 [17-44],,,EN,2023-04-25T23:00:00.000Z
SRH_ABORTION_RATE,Abortion rate (model-estimated),numeric,AFR,Africa,Country,BDI,Burundi,Year,2015-2019,TRUE,Uncertainty interval,95% uncertainty,UNCERTAINTY_INTERVAL_UI95,,,,,,,,,,25.59,,,8,,56,26 [8-56],,,EN,2023-04-25T23:00:00.000Z
SRH_ABORTION_RATE,Abortion rate (model-estimated),numeric,AFR,Africa,Country,GIN,Guinea,Year,2015-2019,TRUE,Uncertainty interval,95% uncertainty,UNCERTAINTY_INTERVAL_UI95,,,,,,,,,,26.45,,,9,,58,26 [9-58],,,EN,2023-04-25T23:00:00.000Z
SRH_ABORTION_RATE,Abortion rate (model-estimated),numeric,AFR,Africa,Country,CAF,Central African Republic,Year,2015-2019,TRUE,Uncertainty interval,80% uncertainty,UNCERTAINTY_INTERVAL_UI80,,,,,,,,,,26.78,,,12,,54,27 [12-54],,,EN,2023-04-25T23:00:00.000Z
SRH_ABORTION_RATE,Abortion rate (model-estimated),numeric,AMR,Americas,Country,COL,Colombia,Year,2015-2019,TRUE,Uncertainty interval,95% uncertainty,UNCERTAINTY_INTERVAL_UI95,,,,,,,,,,27.06,,,16,,41,27 [16-41],,,EN,2023-04-25T23:00:00.000Z
SRH_ABORTION_RATE,Abortion rate (model-estimated),numeric,AMR,Americas,Country,COL,Colombia,Year,2015-2019,TRUE,Uncertainty interval,80% uncertainty,UNCERTAINTY_INTERVAL_UI80,,,,,,,,,,27.06,,,20,,36,27 [20-36],,,EN,2023-04-25T23:00:00.000Z
SRH_ABORTION_RATE,Abortion rate (model-estimated),numeric,AFR,Africa,Country,CAF,Central African Republic,Year,2015-2019,TRUE,Uncertainty interval,95% uncertainty,UNCERTAINTY_INTERVAL_UI95,,,,,,,,,,26.78,,,6,,77,27 [6-77],,,EN,2023-04-25T23:00:00.000Z
SRH_ABORTION_RATE,Abortion rate (model-estimated),numeric,SEAR,South-East Asia,Country,LKA,Sri Lanka,Year,2015-2019,TRUE,Uncertainty interval,95% uncertainty,UNCERTAINTY_INTERVAL_UI95,,,,,,,,,,27.9,,,13,,59,28 [13-59],,,EN,2023-04-25T23:00:00.000Z
SRH_ABORTION_RATE,Abortion rate (model-estimated),numeric,AMR,Americas,Country,ECU,Ecuador,Year,2015-2019,TRUE,Uncertainty interval,80% uncertainty,UNCERTAINTY_INTERVAL_UI80,,,,,,,,,,27.89,,,14,,50,28 [14-50],,,EN,2023-04-25T23:00:00.000Z
SRH_ABORTION_RATE,Abortion rate (model-estimated),numeric,AFR,Africa,Country,RWA,Rwanda,Year,2015-2019,TRUE,Uncertainty interval,95% uncertainty,UNCERTAINTY_INTERVAL_UI95,,,,,,,,,,27.83,,,16,,42,28 [16-42],,,EN,2023-04-25T23:00:00.000Z
SRH_ABORTION_RATE,Abortion rate (model-estimated),numeric,SEAR,South-East Asia,Country,LKA,Sri Lanka,Year,2015-2019,TRUE,Uncertainty interval,80% uncertainty,UNCERTAINTY_INTERVAL_UI80,,,,,,,,,,27.9,,,17,,45,28 [17-45],,,EN,2023-04-25T23:00:00.000Z
SRH_ABORTION_RATE,Abortion rate (model-estimated),numeric,AFR,Africa,Country,RWA,Rwanda,Year,2015-2019,TRUE,Uncertainty interval,80% uncertainty,UNCERTAINTY_INTERVAL_UI80,,,,,,,,,,27.83,,,20,,37,28 [20-37],,,EN,2023-04-25T23:00:00.000Z
SRH_ABORTION_RATE,Abortion rate (model-estimated),numeric,AMR,Americas,Country,ECU,Ecuador,Year,2015-2019,TRUE,Uncertainty interval,95% uncertainty,UNCERTAINTY_INTERVAL_UI95,,,,,,,,,,27.89,,,8,,66,28 [8-66],,,EN,2023-04-25T23:00:00.000Z
SRH_ABORTION_RATE,Abortion rate (model-estimated),numeric,AFR,Africa,Country,SWZ,Eswatini,Year,2015-2019,TRUE,Uncertainty interval,80% uncertainty,UNCERTAINTY_INTERVAL_UI80,,,,,,,,,,29.27,,,13,,55,29 [13-55],,,EN,2023-04-25T23:00:00.000Z
SRH_ABORTION_RATE,Abortion rate (model-estimated),numeric,AFR,Africa,Country,NAM,Namibia,Year,2015-2019,TRUE,Uncertainty interval,80% uncertainty,UNCERTAINTY_INTERVAL_UI80,,,,,,,,,,29.23,,,13,,58,29 [13-58],,,EN,2023-04-25T23:00:00.000Z
SRH_ABORTION_RATE,Abortion rate (model-estimated),numeric,EMR,Eastern Mediterranean,Country,SOM,Somalia,Year,2015-2019,TRUE,Uncertainty interval,80% uncertainty,UNCERTAINTY_INTERVAL_UI80,,,,,,,,,,28.66,,,14,,51,29 [14-51],,,EN,2023-04-25T23:00:00.000Z
SRH_ABORTION_RATE,Abortion rate (model-estimated),numeric,EMR,Eastern Mediterranean,Country,SOM,Somalia,Year,2015-2019,TRUE,Uncertainty interval,95% uncertainty,UNCERTAINTY_INTERVAL_UI95,,,,,,,,,,28.66,,,6,,68,29 [6-68],,,EN,2023-04-25T23:00:00.000Z
SRH_ABORTION_RATE,Abortion rate (model-estimated),numeric,AFR,Africa,Country,SWZ,Eswatini,Year,2015-2019,TRUE,Uncertainty interval,95% uncertainty,UNCERTAINTY_INTERVAL_UI95,,,,,,,,,,29.27,,,8,,78,29 [8-78],,,EN,2023-04-25T23:00:00.000Z
SRH_ABORTION_RATE,Abortion rate (model-estimated),numeric,AFR,Africa,Country,NAM,Namibia,Year,2015-2019,TRUE,Uncertainty interval,95% uncertainty,UNCERTAINTY_INTERVAL_UI95,,,,,,,,,,29.23,,,8,,81,29 [8-81],,,EN,2023-04-25T23:00:00.000Z
SRH_ABORTION_RATE,Abortion rate (model-estimated),numeric,AFR,Africa,Country,ZAF,South Africa,Year,2015-2019,TRUE,Uncertainty interval,95% uncertainty,UNCERTAINTY_INTERVAL_UI95,,,,,,,,,,29.69,,,10,,78,30 [10-78],,,EN,2023-04-25T23:00:00.000Z
SRH_ABORTION_RATE,Abortion rate (model-estimated),numeric,AMR,Americas,Country,PAN,Panama,Year,2015-2019,TRUE,Uncertainty interval,95% uncertainty,UNCERTAINTY_INTERVAL_UI95,,,,,,,,,,29.65,,,12,,63,30 [12-63],,,EN,2023-04-25T23:00:00.000Z
SRH_ABORTION_RATE,Abortion rate (model-estimated),numeric,AFR,Africa,Country,ZAF,South Africa,Year,2015-2019,TRUE,Uncertainty interval,80% uncertainty,UNCERTAINTY_INTERVAL_UI80,,,,,,,,,,29.69,,,14,,57,30 [14-57],,,EN,2023-04-25T23:00:00.000Z
SRH_ABORTION_RATE,Abortion rate (model-estimated),numeric,AMR,Americas,Country,PAN,Panama,Year,2015-2019,TRUE,Uncertainty interval,80% uncertainty,UNCERTAINTY_INTERVAL_UI80,,,,,,,,,,29.65,,,17,,50,30 [17-50],,,EN,2023-04-25T23:00:00.000Z
SRH_ABORTION_RATE,Abortion rate (model-estimated),numeric,AFR,Africa,Country,BFA,Burkina Faso,Year,2015-2019,TRUE,Uncertainty interval,95% uncertainty,UNCERTAINTY_INTERVAL_UI95,,,,,,,,,,30.46,,,18,,49,30 [18-49],,,EN,2023-04-25T23:00:00.000Z
SRH_ABORTION_RATE,Abortion rate (model-estimated),numeric,AFR,Africa,Country,BFA,Burkina Faso,Year,2015-2019,TRUE,Uncertainty interval,80% uncertainty,UNCERTAINTY_INTERVAL_UI80,,,,,,,,,,30.46,,,22,,42,30 [22-42],,,EN,2023-04-25T23:00:00.000Z
SRH_ABORTION_RATE,Abortion rate (model-estimated),numeric,AFR,Africa,Country,COM,Comoros,Year,2015-2019,TRUE,Uncertainty interval,95% uncertainty,UNCERTAINTY_INTERVAL_UI95,,,,,,,,,,30.63,,,11,,67,31 [11-67],,,EN,2023-04-25T23:00:00.000Z
SRH_ABORTION_RATE,Abortion rate (model-estimated),numeric,AMR,Americas,Country,SUR,Suriname,Year,2015-2019,TRUE,Uncertainty interval,95% uncertainty,UNCERTAINTY_INTERVAL_UI95,,,,,,,,,,30.98,,,12,,60,31 [12-60],,,EN,2023-04-25T23:00:00.000Z
SRH_ABORTION_RATE,Abortion rate (model-estimated),numeric,AMR,Americas,Country,PRI,Puerto Rico,Year,2015-2019,TRUE,Uncertainty interval,95% uncertainty,UNCERTAINTY_INTERVAL_UI95,,,,,,,,,,31.48,,,13,,64,31 [13-64],,,EN,2023-04-25T23:00:00.000Z
SRH_ABORTION_RATE,Abortion rate (model-estimated),numeric,AFR,Africa,Country,BWA,Botswana,Year,2015-2019,TRUE,Uncertainty interval,95% uncertainty,UNCERTAINTY_INTERVAL_UI95,,,,,,,,,,30.73,,,14,,78,31 [14-78],,,EN,2023-04-25T23:00:00.000Z
SRH_ABORTION_RATE,Abortion rate (model-estimated),numeric,AFR,Africa,Country,COM,Comoros,Year,2015-2019,TRUE,Uncertainty interval,80% uncertainty,UNCERTAINTY_INTERVAL_UI80,,,,,,,,,,30.63,,,16,,50,31 [16-50],,,EN,2023-04-25T23:00:00.000Z
SRH_ABORTION_RATE,Abortion rate (model-estimated),numeric,EUR,Europe,Country,ROU,Romania,Year,2015-2019,TRUE,Uncertainty interval,95% uncertainty,UNCERTAINTY_INTERVAL_UI95,,,,,,,,,,31.05,,,17,,68,31 [17-68],,,EN,2023-04-25T23:00:00.000Z
SRH_ABORTION_RATE,Abortion rate (model-estimated),numeric,AMR,Americas,Country,SUR,Suriname,Year,2015-2019,TRUE,Uncertainty interval,80% uncertainty,UNCERTAINTY_INTERVAL_UI80,,,,,,,,,,30.98,,,18,,49,31 [18-49],,,EN,2023-04-25T23:00:00.000Z
SRH_ABORTION_RATE,Abortion rate (model-estimated),numeric,AMR,Americas,Country,PRI,Puerto Rico,Year,2015-2019,TRUE,Uncertainty interval,80% uncertainty,UNCERTAINTY_INTERVAL_UI80,,,,,,,,,,31.48,,,18,,51,31 [18-51],,,EN,2023-04-25T23:00:00.000Z
SRH_ABORTION_RATE,Abortion rate (model-estimated),numeric,AFR,Africa,Country,BWA,Botswana,Year,2015-2019,TRUE,Uncertainty interval,80% uncertainty,UNCERTAINTY_INTERVAL_UI80,,,,,,,,,,30.73,,,18,,56,31 [18-56],,,EN,2023-04-25T23:00:00.000Z
SRH_ABORTION_RATE,Abortion rate (model-estimated),numeric,AMR,Americas,Country,MEX,Mexico,Year,2015-2019,TRUE,Uncertainty interval,95% uncertainty,UNCERTAINTY_INTERVAL_UI95,,,,,,,,,,30.63,,,19,,45,31 [19-45],,,EN,2023-04-25T23:00:00.000Z
SRH_ABORTION_RATE,Abortion rate (model-estimated),numeric,EUR,Europe,Country,KGZ,Kyrgyzstan,Year,2015-2019,TRUE,Uncertainty interval,95% uncertainty,UNCERTAINTY_INTERVAL_UI95,,,,,,,,,,31.17,,,19,,53,31 [19-53],,,EN,2023-04-25T23:00:00.000Z
SRH_ABORTION_RATE,Abortion rate (model-estimated),numeric,EUR,Europe,Country,ROU,Romania,Year,2015-2019,TRUE,Uncertainty interval,80% uncertainty,UNCERTAINTY_INTERVAL_UI80,,,,,,,,,,31.05,,,21,,51,31 [21-51],,,EN,2023-04-25T23:00:00.000Z
SRH_ABORTION_RATE,Abortion rate (model-estimated),numeric,EUR,Europe,Country,KGZ,Kyrgyzstan,Year,2015-2019,TRUE,Uncertainty interval,80% uncertainty,UNCERTAINTY_INTERVAL_UI80,,,,,,,,,,31.17,,,22,,44,31 [22-44],,,EN,2023-04-25T23:00:00.000Z
SRH_ABORTION_RATE,Abortion rate (model-estimated),numeric,AMR,Americas,Country,MEX,Mexico,Year,2015-2019,TRUE,Uncertainty interval,80% uncertainty,UNCERTAINTY_INTERVAL_UI80,,,,,,,,,,30.63,,,23,,40,31 [23-40],,,EN,2023-04-25T23:00:00.000Z
SRH_ABORTION_RATE,Abortion rate (model-estimated),numeric,AFR,Africa,Country,MWI,Malawi,Year,2015-2019,TRUE,Uncertainty interval,95% uncertainty,UNCERTAINTY_INTERVAL_UI95,,,,,,,,,,31.37,,,25,,40,31 [25-40],,,EN,2023-04-25T23:00:00.000Z
SRH_ABORTION_RATE,Abortion rate (model-estimated),numeric,AFR,Africa,Country,MWI,Malawi,Year,2015-2019,TRUE,Uncertainty interval,80% uncertainty,UNCERTAINTY_INTERVAL_UI80,,,,,,,,,,31.37,,,27,,36,31 [27-36],,,EN,2023-04-25T23:00:00.000Z
SRH_ABORTION_RATE,Abortion rate (model-estimated),numeric,AFR,Africa,Country,TGO,Togo,Year,2015-2019,TRUE,Uncertainty interval,95% uncertainty,UNCERTAINTY_INTERVAL_UI95,,,,,,,,,,32.1,,,10,,73,32 [10-73],,,EN,2023-04-25T23:00:00.000Z
SRH_ABORTION_RATE,Abortion rate (model-estimated),numeric,AFR,Africa,Country,BEN,Benin,Year,2015-2019,TRUE,Uncertainty interval,95% uncertainty,UNCERTAINTY_INTERVAL_UI95,,,,,,,,,,31.92,,,11,,70,32 [11-70],,,EN,2023-04-25T23:00:00.000Z
SRH_ABORTION_RATE,Abortion rate (model-estimated),numeric,AMR,Americas,Country,BRA,Brazil,Year,2015-2019,TRUE,Uncertainty interval,95% uncertainty,UNCERTAINTY_INTERVAL_UI95,,,,,,,,,,32.33,,,13,,69,32 [13-69],,,EN,2023-04-25T23:00:00.000Z
SRH_ABORTION_RATE,Abortion rate (model-estimated),numeric,SEAR,South-East Asia,Country,BTN,Bhutan,Year,2015-2019,TRUE,Uncertainty interval,95% uncertainty,UNCERTAINTY_INTERVAL_UI95,,,,,,,,,,32.06,,,15,,58,32 [15-58],,,EN,2023-04-25T23:00:00.000Z
SRH_ABORTION_RATE,Abortion rate (model-estimated),numeric,AMR,Americas,Country,BLZ,Belize,Year,2015-2019,TRUE,Uncertainty interval,80% uncertainty,UNCERTAINTY_INTERVAL_UI80,,,,,,,,,,31.81,,,15,,59,32 [15-59],,,EN,2023-04-25T23:00:00.000Z
SRH_ABORTION_RATE,Abortion rate (model-estimated),numeric,AFR,Africa,Country,TGO,Togo,Year,2015-2019,TRUE,Uncertainty interval,80% uncertainty,UNCERTAINTY_INTERVAL_UI80,,,,,,,,,,32.1,,,16,,56,32 [16-56],,,EN,2023-04-25T23:00:00.000Z
SRH_ABORTION_RATE,Abortion rate (model-estimated),numeric,AFR,Africa,Country,BEN,Benin,Year,2015-2019,TRUE,Uncertainty interval,80% uncertainty,UNCERTAINTY_INTERVAL_UI80,,,,,,,,,,31.92,,,17,,54,32 [17-54],,,EN,2023-04-25T23:00:00.000Z
SRH_ABORTION_RATE,Abortion rate (model-estimated),numeric,AMR,Americas,Country,BRA,Brazil,Year,2015-2019,TRUE,Uncertainty interval,80% uncertainty,UNCERTAINTY_INTERVAL_UI80,,,,,,,,,,32.33,,,18,,54,32 [18-54],,,EN,2023-04-25T23:00:00.000Z
SRH_ABORTION_RATE,Abortion rate (model-estimated),numeric,SEAR,South-East Asia,Country,BTN,Bhutan,Year,2015-2019,TRUE,Uncertainty interval,80% uncertainty,UNCERTAINTY_INTERVAL_UI80,,,,,,,,,,32.06,,,21,,47,32 [21-47],,,EN,2023-04-25T23:00:00.000Z
SRH_ABORTION_RATE,Abortion rate (model-estimated),numeric,WPR,Western Pacific,Country,SLB,Solomon Islands,Year,2015-2019,TRUE,Uncertainty interval,95% uncertainty,UNCERTAINTY_INTERVAL_UI95,,,,,,,,,,32.08,,,2,,84,32 [2-84],,,EN,2023-04-25T23:00:00.000Z
SRH_ABORTION_RATE,Abortion rate (model-estimated),numeric,WPR,Western Pacific,Country,SLB,Solomon Islands,Year,2015-2019,TRUE,Uncertainty interval,80% uncertainty,UNCERTAINTY_INTERVAL_UI80,,,,,,,,,,32.08,,,8,,65,32 [8-65],,,EN,2023-04-25T23:00:00.000Z
SRH_ABORTION_RATE,Abortion rate (model-estimated),numeric,AMR,Americas,Country,BLZ,Belize,Year,2015-2019,TRUE,Uncertainty interval,95% uncertainty,UNCERTAINTY_INTERVAL_UI95,,,,,,,,,,31.81,,,8,,76,32 [8-76],,,EN,2023-04-25T23:00:00.000Z
SRH_ABORTION_RATE,Abortion rate (model-estimated),numeric,AFR,Africa,Country,COD,Democratic Republic of the Congo,Year,2015-2019,TRUE,Uncertainty interval,95% uncertainty,UNCERTAINTY_INTERVAL_UI95,,,,,,,,,,32.7,,,11,,59,33 [11-59],,,EN,2023-04-25T23:00:00.000Z
SRH_ABORTION_RATE,Abortion rate (model-estimated),numeric,AFR,Africa,Country,AGO,Angola,Year,2015-2019,TRUE,Uncertainty interval,80% uncertainty,UNCERTAINTY_INTERVAL_UI80,,,,,,,,,,33.36,,,14,,65,33 [14-65],,,EN,2023-04-25T23:00:00.000Z
SRH_ABORTION_RATE,Abortion rate (model-estimated),numeric,AFR,Africa,Country,COD,Democratic Republic of the Congo,Year,2015-2019,TRUE,Uncertainty interval,80% uncertainty,UNCERTAINTY_INTERVAL_UI80,,,,,,,,,,32.7,,,17,,50,33 [17-50],,,EN,2023-04-25T23:00:00.000Z
SRH_ABORTION_RATE,Abortion rate (model-estimated),numeric,AMR,Americas,Country,ARG,Argentina,Year,2015-2019,TRUE,Uncertainty interval,95% uncertainty,UNCERTAINTY_INTERVAL_UI95,,,,,,,,,,33.19,,,18,,55,33 [18-55],,,EN,2023-04-25T23:00:00.000Z
SRH_ABORTION_RATE,Abortion rate (model-estimated),numeric,AMR,Americas,Country,ARG,Argentina,Year,2015-2019,TRUE,Uncertainty interval,80% uncertainty,UNCERTAINTY_INTERVAL_UI80,,,,,,,,,,33.19,,,23,,46,33 [23-46],,,EN,2023-04-25T23:00:00.000Z
SRH_ABORTION_RATE,Abortion rate (model-estimated),numeric,AFR,Africa,Country,NGA,Nigeria,Year,2015-2019,TRUE,Uncertainty interval,95% uncertainty,UNCERTAINTY_INTERVAL_UI95,,,,,,,,,,32.7,,,23,,46,33 [23-46],,,EN,2023-04-25T23:00:00.000Z
SRH_ABORTION_RATE,Abortion rate (model-estimated),numeric,AFR,Africa,Country,NGA,Nigeria,Year,2015-2019,TRUE,Uncertainty interval,80% uncertainty,UNCERTAINTY_INTERVAL_UI80,,,,,,,,,,32.7,,,26,,41,33 [26-41],,,EN,2023-04-25T23:00:00.000Z
SRH_ABORTION_RATE,Abortion rate (model-estimated),numeric,AFR,Africa,Country,AGO,Angola,Year,2015-2019,TRUE,Uncertainty interval,95% uncertainty,UNCERTAINTY_INTERVAL_UI95,,,,,,,,,,33.36,,,7,,88,33 [7-88],,,EN,2023-04-25T23:00:00.000Z
SRH_ABORTION_RATE,Abortion rate (model-estimated),numeric,AMR,Americas,Country,PRY,Paraguay,Year,2015-2019,TRUE,Uncertainty interval,95% uncertainty,UNCERTAINTY_INTERVAL_UI95,,,,,,,,,,33.99,,,11,,80,34 [11-80],,,EN,2023-04-25T23:00:00.000Z
SRH_ABORTION_RATE,Abortion rate (model-estimated),numeric,AFR,Africa,Country,CMR,Cameroon,Year,2015-2019,TRUE,Uncertainty interval,95% uncertainty,UNCERTAINTY_INTERVAL_UI95,,,,,,,,,,33.87,,,12,,82,34 [12-82],,,EN,2023-04-25T23:00:00.000Z
SRH_ABORTION_RATE,Abortion rate (model-estimated),numeric,SEAR,South-East Asia,Country,TLS,Timor-Leste,Year,2015-2019,TRUE,Uncertainty interval,95% uncertainty,UNCERTAINTY_INTERVAL_UI95,,,,,,,,,,34,,,14,,75,34 [14-75],,,EN,2023-04-25T23:00:00.000Z
SRH_ABORTION_RATE,Abortion rate (model-estimated),numeric,AMR,Americas,Country,PRY,Paraguay,Year,2015-2019,TRUE,Uncertainty interval,80% uncertainty,UNCERTAINTY_INTERVAL_UI80,,,,,,,,,,33.99,,,16,,60,34 [16-60],,,EN,2023-04-25T23:00:00.000Z
SRH_ABORTION_RATE,Abortion rate (model-estimated),numeric,WPR,Western Pacific,Country,LAO,Lao People's Democratic Republic,Year,2015-2019,TRUE,Uncertainty interval,95% uncertainty,UNCERTAINTY_INTERVAL_UI95,,,,,,,,,,34,,,16,,71,34 [16-71],,,EN,2023-04-25T23:00:00.000Z
SRH_ABORTION_RATE,Abortion rate (model-estimated),numeric,AFR,Africa,Country,CMR,Cameroon,Year,2015-2019,TRUE,Uncertainty interval,80% uncertainty,UNCERTAINTY_INTERVAL_UI80,,,,,,,,,,33.87,,,18,,60,34 [18-60],,,EN,2023-04-25T23:00:00.000Z
SRH_ABORTION_RATE,Abortion rate (model-estimated),numeric,SEAR,South-East Asia,Country,TLS,Timor-Leste,Year,2015-2019,TRUE,Uncertainty interval,80% uncertainty,UNCERTAINTY_INTERVAL_UI80,,,,,,,,,,34,,,19,,56,34 [19-56],,,EN,2023-04-25T23:00:00.000Z
SRH_ABORTION_RATE,Abortion rate (model-estimated),numeric,WPR,Western Pacific,Country,LAO,Lao People's Democratic Republic,Year,2015-2019,TRUE,Uncertainty interval,80% uncertainty,UNCERTAINTY_INTERVAL_UI80,,,,,,,,,,34,,,21,,56,34 [21-56],,,EN,2023-04-25T23:00:00.000Z
SRH_ABORTION_RATE,Abortion rate (model-estimated),numeric,AFR,Africa,Country,ZMB,Zambia,Year,2015-2019,TRUE,Uncertainty interval,95% uncertainty,UNCERTAINTY_INTERVAL_UI95,,,,,,,,,,34.62,,,10,,69,35 [10-69],,,EN,2023-04-25T23:00:00.000Z
SRH_ABORTION_RATE,Abortion rate (model-estimated),numeric,AFR,Africa,Country,CIV,Cote d'Ivoire,Year,2015-2019,TRUE,Uncertainty interval,95% uncertainty,UNCERTAINTY_INTERVAL_UI95,,,,,,,,,,35.34,,,12,,84,35 [12-84],,,EN,2023-04-25T23:00:00.000Z
SRH_ABORTION_RATE,Abortion rate (model-estimated),numeric,AFR,Africa,Country,ZMB,Zambia,Year,2015-2019,TRUE,Uncertainty interval,80% uncertainty,UNCERTAINTY_INTERVAL_UI80,,,,,,,,,,34.62,,,18,,55,35 [18-55],,,EN,2023-04-25T23:00:00.000Z
SRH_ABORTION_RATE,Abortion rate (model-estimated),numeric,AFR,Africa,Country,CIV,Cote d'Ivoire,Year,2015-2019,TRUE,Uncertainty interval,80% uncertainty,UNCERTAINTY_INTERVAL_UI80,,,,,,,,,,35.34,,,18,,63,35 [18-63],,,EN,2023-04-25T23:00:00.000Z
SRH_ABORTION_RATE,Abortion rate (model-estimated),numeric,SEAR,South-East Asia,Country,BGD,Bangladesh,Year,2015-2019,TRUE,Uncertainty interval,95% uncertainty,UNCERTAINTY_INTERVAL_UI95,,,,,,,,,,35.33,,,25,,50,35 [25-50],,,EN,2023-04-25T23:00:00.000Z
SRH_ABORTION_RATE,Abortion rate (model-estimated),numeric,SEAR,South-East Asia,Country,BGD,Bangladesh,Year,2015-2019,TRUE,Uncertainty interval,80% uncertainty,UNCERTAINTY_INTERVAL_UI80,,,,,,,,,,35.33,,,29,,44,35 [29-44],,,EN,2023-04-25T23:00:00.000Z
SRH_ABORTION_RATE,Abortion rate (model-estimated),numeric,AMR,Americas,Country,GUY,Guyana,Year,2015-2019,TRUE,Uncertainty interval,95% uncertainty,UNCERTAINTY_INTERVAL_UI95,,,,,,,,,,36.37,,,15,,71,36 [15-71],,,EN,2023-04-25T23:00:00.000Z
SRH_ABORTION_RATE,Abortion rate (model-estimated),numeric,WPR,Western Pacific,Country,PNG,Papua New Guinea,Year,2015-2019,TRUE,Uncertainty interval,80% uncertainty,UNCERTAINTY_INTERVAL_UI80,,,,,,,,,,36.43,,,16,,73,36 [16-73],,,EN,2023-04-25T23:00:00.000Z
SRH_ABORTION_RATE,Abortion rate (model-estimated),numeric,AMR,Americas,Country,CHL,Chile,Year,2015-2019,TRUE,Uncertainty interval,95% uncertainty,UNCERTAINTY_INTERVAL_UI95,,,,,,,,,,35.87,,,16,,76,36 [16-76],,,EN,2023-04-25T23:00:00.000Z
SRH_ABORTION_RATE,Abortion rate (model-estimated),numeric,WPR,Western Pacific,Country,PHL,Philippines,Year,2015-2019,TRUE,Uncertainty interval,95% uncertainty,UNCERTAINTY_INTERVAL_UI95,,,,,,,,,,36,,,17,,63,36 [17-63],,,EN,2023-04-25T23:00:00.000Z
SRH_ABORTION_RATE,Abortion rate (model-estimated),numeric,AMR,Americas,Country,GUY,Guyana,Year,2015-2019,TRUE,Uncertainty interval,80% uncertainty,UNCERTAINTY_INTERVAL_UI80,,,,,,,,,,36.37,,,21,,57,36 [21-57],,,EN,2023-04-25T23:00:00.000Z
SRH_ABORTION_RATE,Abortion rate (model-estimated),numeric,AMR,Americas,Country,CHL,Chile,Year,2015-2019,TRUE,Uncertainty interval,80% uncertainty,UNCERTAINTY_INTERVAL_UI80,,,,,,,,,,35.87,,,21,,59,36 [21-59],,,EN,2023-04-25T23:00:00.000Z
SRH_ABORTION_RATE,Abortion rate (model-estimated),numeric,WPR,Western Pacific,Country,PHL,Philippines,Year,2015-2019,TRUE,Uncertainty interval,80% uncertainty,UNCERTAINTY_INTERVAL_UI80,,,,,,,,,,36,,,23,,53,36 [23-53],,,EN,2023-04-25T23:00:00.000Z
SRH_ABORTION_RATE,Abortion rate (model-estimated),numeric,WPR,Western Pacific,Country,PNG,Papua New Guinea,Year,2015-2019,TRUE,Uncertainty interval,95% uncertainty,UNCERTAINTY_INTERVAL_UI95,,,,,,,,,,36.43,,,8,,101,36 [8-101],,,EN,2023-04-25T23:00:00.000Z
SRH_ABORTION_RATE,Abortion rate (model-estimated),numeric,AMR,Americas,Country,LCA,Saint Lucia,Year,2015-2019,TRUE,Uncertainty interval,95% uncertainty,UNCERTAINTY_INTERVAL_UI95,,,,,,,,,,37.18,,,14,,80,37 [14-80],,,EN,2023-04-25T23:00:00.000Z
SRH_ABORTION_RATE,Abortion rate (model-estimated),numeric,AFR,Africa,Country,GHA,Ghana,Year,2015-2019,TRUE,Uncertainty interval,95% uncertainty,UNCERTAINTY_INTERVAL_UI95,,,,,,,,,,36.64,,,16,,76,37 [16-76],,,EN,2023-04-25T23:00:00.000Z
SRH_ABORTION_RATE,Abortion rate (model-estimated),numeric,AMR,Americas,Country,DOM,Dominican Republic,Year,2015-2019,TRUE,Uncertainty interval,95% uncertainty,UNCERTAINTY_INTERVAL_UI95,,,,,,,,,,36.56,,,18,,65,37 [18-65],,,EN,2023-04-25T23:00:00.000Z
SRH_ABORTION_RATE,Abortion rate (model-estimated),numeric,AFR,Africa,Country,GHA,Ghana,Year,2015-2019,TRUE,Uncertainty interval,80% uncertainty,UNCERTAINTY_INTERVAL_UI80,,,,,,,,,,36.64,,,21,,60,37 [21-60],,,EN,2023-04-25T23:00:00.000Z
SRH_ABORTION_RATE,Abortion rate (model-estimated),numeric,AMR,Americas,Country,LCA,Saint Lucia,Year,2015-2019,TRUE,Uncertainty interval,80% uncertainty,UNCERTAINTY_INTERVAL_UI80,,,,,,,,,,37.18,,,21,,62,37 [21-62],,,EN,2023-04-25T23:00:00.000Z
SRH_ABORTION_RATE,Abortion rate (model-estimated),numeric,AMR,Americas,Country,DOM,Dominican Republic,Year,2015-2019,TRUE,Uncertainty interval,80% uncertainty,UNCERTAINTY_INTERVAL_UI80,,,,,,,,,,36.56,,,23,,54,37 [23-54],,,EN,2023-04-25T23:00:00.000Z
SRH_ABORTION_RATE,Abortion rate (model-estimated),numeric,AMR,Americas,Country,HTI,Haiti,Year,2015-2019,TRUE,Uncertainty interval,95% uncertainty,UNCERTAINTY_INTERVAL_UI95,,,,,,,,,,38.1,,,10,,86,38 [10-86],,,EN,2023-04-25T23:00:00.000Z
SRH_ABORTION_RATE,Abortion rate (model-estimated),numeric,AMR,Americas,Country,BOL,Bolivia (Plurinational State of),Year,2015-2019,TRUE,Uncertainty interval,95% uncertainty,UNCERTAINTY_INTERVAL_UI95,,,,,,,,,,37.79,,,10,,87,38 [10-87],,,EN,2023-04-25T23:00:00.000Z
SRH_ABORTION_RATE,Abortion rate (model-estimated),numeric,AMR,Americas,Country,JAM,Jamaica,Year,2015-2019,TRUE,Uncertainty interval,95% uncertainty,UNCERTAINTY_INTERVAL_UI95,,,,,,,,,,38.13,,,14,,76,38 [14-76],,,EN,2023-04-25T23:00:00.000Z
SRH_ABORTION_RATE,Abortion rate (model-estimated),numeric,AMR,Americas,Country,HTI,Haiti,Year,2015-2019,TRUE,Uncertainty interval,80% uncertainty,UNCERTAINTY_INTERVAL_UI80,,,,,,,,,,38.1,,,17,,68,38 [17-68],,,EN,2023-04-25T23:00:00.000Z
SRH_ABORTION_RATE,Abortion rate (model-estimated),numeric,AMR,Americas,Country,BOL,Bolivia (Plurinational State of),Year,2015-2019,TRUE,Uncertainty interval,80% uncertainty,UNCERTAINTY_INTERVAL_UI80,,,,,,,,,,37.79,,,18,,67,38 [18-67],,,EN,2023-04-25T23:00:00.000Z
SRH_ABORTION_RATE,Abortion rate (model-estimated),numeric,AMR,Americas,Country,JAM,Jamaica,Year,2015-2019,TRUE,Uncertainty interval,80% uncertainty,UNCERTAINTY_INTERVAL_UI80,,,,,,,,,,38.13,,,21,,61,38 [21-61],,,EN,2023-04-25T23:00:00.000Z
SRH_ABORTION_RATE,Abortion rate (model-estimated),numeric,AFR,Africa,Country,TZA,United Republic of Tanzania,Year,2015-2019,TRUE,Uncertainty interval,95% uncertainty,UNCERTAINTY_INTERVAL_UI95,,,,,,,,,,37.53,,,25,,53,38 [25-53],,,EN,2023-04-25T23:00:00.000Z
SRH_ABORTION_RATE,Abortion rate (model-estimated),numeric,AFR,Africa,Country,TZA,United Republic of Tanzania,Year,2015-2019,TRUE,Uncertainty interval,80% uncertainty,UNCERTAINTY_INTERVAL_UI80,,,,,,,,,,37.53,,,30,,47,38 [30-47],,,EN,2023-04-25T23:00:00.000Z
SRH_ABORTION_RATE,Abortion rate (model-estimated),numeric,AFR,Africa,Country,STP,Sao Tome and Principe,Year,2015-2019,TRUE,Uncertainty interval,80% uncertainty,UNCERTAINTY_INTERVAL_UI80,,,,,,,,,,38.52,,,15,,73,39 [15-73],,,EN,2023-04-25T23:00:00.000Z
SRH_ABORTION_RATE,Abortion rate (model-estimated),numeric,WPR,Western Pacific,Country,VUT,Vanuatu,Year,2015-2019,TRUE,Uncertainty interval,80% uncertainty,UNCERTAINTY_INTERVAL_UI80,,,,,,,,,,39.16,,,17,,77,39 [17-77],,,EN,2023-04-25T23:00:00.000Z
SRH_ABORTION_RATE,Abortion rate (model-estimated),numeric,AFR,Africa,Country,STP,Sao Tome and Principe,Year,2015-2019,TRUE,Uncertainty interval,95% uncertainty,UNCERTAINTY_INTERVAL_UI95,,,,,,,,,,38.52,,,6,,100,39 [6-100],,,EN,2023-04-25T23:00:00.000Z
SRH_ABORTION_RATE,Abortion rate (model-estimated),numeric,WPR,Western Pacific,Country,VUT,Vanuatu,Year,2015-2019,TRUE,Uncertainty interval,95% uncertainty,UNCERTAINTY_INTERVAL_UI95,,,,,,,,,,39.16,,,9,,102,39 [9-102],,,EN,2023-04-25T23:00:00.000Z
SRH_ABORTION_RATE,Abortion rate (model-estimated),numeric,AFR,Africa,Country,MOZ,Mozambique,Year,2015-2019,TRUE,Uncertainty interval,95% uncertainty,UNCERTAINTY_INTERVAL_UI95,,,,,,,,,,40.43,,,15,,82,40 [15-82],,,EN,2023-04-25T23:00:00.000Z
SRH_ABORTION_RATE,Abortion rate (model-estimated),numeric,AFR,Africa,Country,MOZ,Mozambique,Year,2015-2019,TRUE,Uncertainty interval,80% uncertainty,UNCERTAINTY_INTERVAL_UI80,,,,,,,,,,40.43,,,23,,67,40 [23-67],,,EN,2023-04-25T23:00:00.000Z
SRH_ABORTION_RATE,Abortion rate (model-estimated),numeric,AFR,Africa,Country,GAB,Gabon,Year,2015-2019,TRUE,Uncertainty interval,95% uncertainty,UNCERTAINTY_INTERVAL_UI95,,,,,,,,,,40.6,,,21,,96,41 [21-96],,,EN,2023-04-25T23:00:00.000Z
SRH_ABORTION_RATE,Abortion rate (model-estimated),numeric,AFR,Africa,Country,GAB,Gabon,Year,2015-2019,TRUE,Uncertainty interval,80% uncertainty,UNCERTAINTY_INTERVAL_UI80,,,,,,,,,,40.6,,,25,,72,41 [25-72],,,EN,2023-04-25T23:00:00.000Z
SRH_ABORTION_RATE,Abortion rate (model-estimated),numeric,SEAR,South-East Asia,Country,NPL,Nepal,Year,2015-2019,TRUE,Uncertainty interval,95% uncertainty,UNCERTAINTY_INTERVAL_UI95,,,,,,,,,,41.34,,,28,,60,41 [28-60],,,EN,2023-04-25T23:00:00.000Z
SRH_ABORTION_RATE,Abortion rate (model-estimated),numeric,SEAR,South-East Asia,Country,NPL,Nepal,Year,2015-2019,TRUE,Uncertainty interval,80% uncertainty,UNCERTAINTY_INTERVAL_UI80,,,,,,,,,,41.34,,,32,,53,41 [32-53],,,EN,2023-04-25T23:00:00.000Z
SRH_ABORTION_RATE,Abortion rate (model-estimated),numeric,AFR,Africa,Country,LBR,Liberia,Year,2015-2019,TRUE,Uncertainty interval,95% uncertainty,UNCERTAINTY_INTERVAL_UI95,,,,,,,,,,42.31,,,14,,103,42 [14-103],,,EN,2023-04-25T23:00:00.000Z
SRH_ABORTION_RATE,Abortion rate (model-estimated),numeric,SEAR,South-East Asia,Country,MDV,Maldives,Year,2015-2019,TRUE,Uncertainty interval,95% uncertainty,UNCERTAINTY_INTERVAL_UI95,,,,,,,,,,42.03,,,16,,100,42 [16-100],,,EN,2023-04-25T23:00:00.000Z
SRH_ABORTION_RATE,Abortion rate (model-estimated),numeric,AFR,Africa,Country,LBR,Liberia,Year,2015-2019,TRUE,Uncertainty interval,80% uncertainty,UNCERTAINTY_INTERVAL_UI80,,,,,,,,,,42.31,,,21,,76,42 [21-76],,,EN,2023-04-25T23:00:00.000Z
SRH_ABORTION_RATE,Abortion rate (model-estimated),numeric,AMR,Americas,Country,PER,Peru,Year,2015-2019,TRUE,Uncertainty interval,95% uncertainty,UNCERTAINTY_INTERVAL_UI95,,,,,,,,,,42.45,,,23,,71,42 [23-71],,,EN,2023-04-25T23:00:00.000Z
SRH_ABORTION_RATE,Abortion rate (model-estimated),numeric,SEAR,South-East Asia,Country,MDV,Maldives,Year,2015-2019,TRUE,Uncertainty interval,80% uncertainty,UNCERTAINTY_INTERVAL_UI80,,,,,,,,,,42.03,,,23,,74,42 [23-74],,,EN,2023-04-25T23:00:00.000Z
SRH_ABORTION_RATE,Abortion rate (model-estimated),numeric,AMR,Americas,Country,PER,Peru,Year,2015-2019,TRUE,Uncertainty interval,80% uncertainty,UNCERTAINTY_INTERVAL_UI80,,,,,,,,,,42.45,,,29,,60,42 [29-60],,,EN,2023-04-25T23:00:00.000Z
SRH_ABORTION_RATE,Abortion rate (model-estimated),numeric,WPR,Western Pacific,Country,WSM,Samoa,Year,2015-2019,TRUE,Uncertainty interval,95% uncertainty,UNCERTAINTY_INTERVAL_UI95,,,,,,,,,,42.83,,,12,,103,43 [12-103],,,EN,2023-04-25T23:00:00.000Z
SRH_ABORTION_RATE,Abortion rate (model-estimated),numeric,WPR,Western Pacific,Country,WSM,Samoa,Year,2015-2019,TRUE,Uncertainty interval,80% uncertainty,UNCERTAINTY_INTERVAL_UI80,,,,,,,,,,42.83,,,21,,73,43 [21-73],,,EN,2023-04-25T23:00:00.000Z
SRH_ABORTION_RATE,Abortion rate (model-estimated),numeric,EUR,Europe,Country,ARM,Armenia,Year,2015-2019,TRUE,Uncertainty interval,95% uncertainty,UNCERTAINTY_INTERVAL_UI95,,,,,,,,,,42.76,,,26,,73,43 [26-73],,,EN,2023-04-25T23:00:00.000Z
SRH_ABORTION_RATE,Abortion rate (model-estimated),numeric,AFR,Africa,Country,UGA,Uganda,Year,2015-2019,TRUE,Uncertainty interval,95% uncertainty,UNCERTAINTY_INTERVAL_UI95,,,,,,,,,,43.02,,,29,,60,43 [29-60],,,EN,2023-04-25T23:00:00.000Z
SRH_ABORTION_RATE,Abortion rate (model-estimated),numeric,AFR,Africa,Country,KEN,Kenya,Year,2015-2019,TRUE,Uncertainty interval,95% uncertainty,UNCERTAINTY_INTERVAL_UI95,,,,,,,,,,42.73,,,29,,61,43 [29-61],,,EN,2023-04-25T23:00:00.000Z
SRH_ABORTION_RATE,Abortion rate (model-estimated),numeric,EMR,Eastern Mediterranean,Country,PAK,Pakistan,Year,2015-2019,TRUE,Uncertainty interval,95% uncertainty,UNCERTAINTY_INTERVAL_UI95,,,,,,,,,,43.09,,,30,,62,43 [30-62],,,EN,2023-04-25T23:00:00.000Z
SRH_ABORTION_RATE,Abortion rate (model-estimated),numeric,EUR,Europe,Country,ARM,Armenia,Year,2015-2019,TRUE,Uncertainty interval,80% uncertainty,UNCERTAINTY_INTERVAL_UI80,,,,,,,,,,42.76,,,31,,60,43 [31-60],,,EN,2023-04-25T23:00:00.000Z
SRH_ABORTION_RATE,Abortion rate (model-estimated),numeric,AFR,Africa,Country,KEN,Kenya,Year,2015-2019,TRUE,Uncertainty interval,80% uncertainty,UNCERTAINTY_INTERVAL_UI80,,,,,,,,,,42.73,,,34,,54,43 [34-54],,,EN,2023-04-25T23:00:00.000Z
SRH_ABORTION_RATE,Abortion rate (model-estimated),numeric,EMR,Eastern Mediterranean,Country,PAK,Pakistan,Year,2015-2019,TRUE,Uncertainty interval,80% uncertainty,UNCERTAINTY_INTERVAL_UI80,,,,,,,,,,43.09,,,34,,54,43 [34-54],,,EN,2023-04-25T23:00:00.000Z
SRH_ABORTION_RATE,Abortion rate (model-estimated),numeric,AFR,Africa,Country,UGA,Uganda,Year,2015-2019,TRUE,Uncertainty interval,80% uncertainty,UNCERTAINTY_INTERVAL_UI80,,,,,,,,,,43.02,,,34,,54,43 [34-54],,,EN,2023-04-25T23:00:00.000Z
SRH_ABORTION_RATE,Abortion rate (model-estimated),numeric,AFR,Africa,Country,COG,Congo,Year,2015-2019,TRUE,Uncertainty interval,95% uncertainty,UNCERTAINTY_INTERVAL_UI95,,,,,,,,,,44.37,,,23,,106,44 [23-106],,,EN,2023-04-25T23:00:00.000Z
SRH_ABORTION_RATE,Abortion rate (model-estimated),numeric,AFR,Africa,Country,COG,Congo,Year,2015-2019,TRUE,Uncertainty interval,80% uncertainty,UNCERTAINTY_INTERVAL_UI80,,,,,,,,,,44.37,,,29,,77,44 [29-77],,,EN,2023-04-25T23:00:00.000Z
SRH_ABORTION_RATE,Abortion rate (model-estimated),numeric,AFR,Africa,Country,SLE,Sierra Leone,Year,2015-2019,TRUE,Uncertainty interval,95% uncertainty,UNCERTAINTY_INTERVAL_UI95,,,,,,,,,,45.38,,,17,,102,45 [17-102],,,EN,2023-04-25T23:00:00.000Z
SRH_ABORTION_RATE,Abortion rate (model-estimated),numeric,AMR,Americas,Country,BRB,Barbados,Year,2015-2019,TRUE,Uncertainty interval,95% uncertainty,UNCERTAINTY_INTERVAL_UI95,,,,,,,,,,44.57,,,18,,90,45 [18-90],,,EN,2023-04-25T23:00:00.000Z
SRH_ABORTION_RATE,Abortion rate (model-estimated),numeric,AFR,Africa,Country,SLE,Sierra Leone,Year,2015-2019,TRUE,Uncertainty interval,80% uncertainty,UNCERTAINTY_INTERVAL_UI80,,,,,,,,,,45.38,,,24,,77,45 [24-77],,,EN,2023-04-25T23:00:00.000Z
SRH_ABORTION_RATE,Abortion rate (model-estimated),numeric,WPR,Western Pacific,Country,KHM,Cambodia,Year,2015-2019,TRUE,Uncertainty interval,95% uncertainty,UNCERTAINTY_INTERVAL_UI95,,,,,,,,,,45,,,25,,92,45 [25-92],,,EN,2023-04-25T23:00:00.000Z
SRH_ABORTION_RATE,Abortion rate (model-estimated),numeric,AMR,Americas,Country,BRB,Barbados,Year,2015-2019,TRUE,Uncertainty interval,80% uncertainty,UNCERTAINTY_INTERVAL_UI80,,,,,,,,,,44.57,,,26,,71,45 [26-71],,,EN,2023-04-25T23:00:00.000Z
SRH_ABORTION_RATE,Abortion rate (model-estimated),numeric,WPR,Western Pacific,Country,KHM,Cambodia,Year,2015-2019,TRUE,Uncertainty interval,80% uncertainty,UNCERTAINTY_INTERVAL_UI80,,,,,,,,,,45,,,30,,71,45 [30-71],,,EN,2023-04-25T23:00:00.000Z
SRH_ABORTION_RATE,Abortion rate (model-estimated),numeric,EUR,Europe,Country,RUS,Russian Federation,Year,2015-2019,TRUE,Uncertainty interval,95% uncertainty,UNCERTAINTY_INTERVAL_UI95,,,,,,,,,,45.7,,,30,,77,46 [30-77],,,EN,2023-04-25T23:00:00.000Z
SRH_ABORTION_RATE,Abortion rate (model-estimated),numeric,EUR,Europe,Country,RUS,Russian Federation,Year,2015-2019,TRUE,Uncertainty interval,80% uncertainty,UNCERTAINTY_INTERVAL_UI80,,,,,,,,,,45.7,,,34,,64,46 [34-64],,,EN,2023-04-25T23:00:00.000Z
SRH_ABORTION_RATE,Abortion rate (model-estimated),numeric,EUR,Europe,Country,KAZ,Kazakhstan,Year,2015-2019,TRUE,Uncertainty interval,95% uncertainty,UNCERTAINTY_INTERVAL_UI95,,,,,,,,,,46.99,,,26,,86,47 [26-86],,,EN,2023-04-25T23:00:00.000Z
SRH_ABORTION_RATE,Abortion rate (model-estimated),numeric,EUR,Europe,Country,KAZ,Kazakhstan,Year,2015-2019,TRUE,Uncertainty interval,80% uncertainty,UNCERTAINTY_INTERVAL_UI80,,,,,,,,,,46.99,,,32,,70,47 [32-70],,,EN,2023-04-25T23:00:00.000Z
SRH_ABORTION_RATE,Abortion rate (model-estimated),numeric,AMR,Americas,Country,TTO,Trinidad and Tobago,Year,2015-2019,TRUE,Uncertainty interval,95% uncertainty,UNCERTAINTY_INTERVAL_UI95,,,,,,,,,,48.3,,,20,,94,48 [20-94],,,EN,2023-04-25T23:00:00.000Z
SRH_ABORTION_RATE,Abortion rate (model-estimated),numeric,AMR,Americas,Country,TTO,Trinidad and Tobago,Year,2015-2019,TRUE,Uncertainty interval,80% uncertainty,UNCERTAINTY_INTERVAL_UI80,,,,,,,,,,48.3,,,29,,75,48 [29-75],,,EN,2023-04-25T23:00:00.000Z
SRH_ABORTION_RATE,Abortion rate (model-estimated),numeric,SEAR,South-East Asia,Country,IND,India,Year,2015-2019,TRUE,Uncertainty interval,95% uncertainty,UNCERTAINTY_INTERVAL_UI95,,,,,,,,,,47.98,,,41,,58,48 [41-58],,,EN,2023-04-25T23:00:00.000Z
SRH_ABORTION_RATE,Abortion rate (model-estimated),numeric,SEAR,South-East Asia,Country,IND,India,Year,2015-2019,TRUE,Uncertainty interval,80% uncertainty,UNCERTAINTY_INTERVAL_UI80,,,,,,,,,,47.98,,,44,,54,48 [44-54],,,EN,2023-04-25T23:00:00.000Z
SRH_ABORTION_RATE,Abortion rate (model-estimated),numeric,AFR,Africa,Country,CPV,Cabo Verde,Year,2015-2019,TRUE,Uncertainty interval,95% uncertainty,UNCERTAINTY_INTERVAL_UI95,,,,,,,,,,49.08,,,12,,123,49 [12-123],,,EN,2023-04-25T23:00:00.000Z
SRH_ABORTION_RATE,Abortion rate (model-estimated),numeric,AFR,Africa,Country,CPV,Cabo Verde,Year,2015-2019,TRUE,Uncertainty interval,80% uncertainty,UNCERTAINTY_INTERVAL_UI80,,,,,,,,,,49.08,,,23,,93,49 [23-93],,,EN,2023-04-25T23:00:00.000Z
SRH_ABORTION_RATE,Abortion rate (model-estimated),numeric,WPR,Western Pacific,Country,CHN,China,Year,2015-2019,TRUE,Uncertainty interval,95% uncertainty,UNCERTAINTY_INTERVAL_UI95,,,,,,,,,,49,,,33,,79,49 [33-79],,,EN,2023-04-25T23:00:00.000Z
SRH_ABORTION_RATE,Abortion rate (model-estimated),numeric,WPR,Western Pacific,Country,CHN,China,Year,2015-2019,TRUE,Uncertainty interval,80% uncertainty,UNCERTAINTY_INTERVAL_UI80,,,,,,,,,,49,,,37,,68,49 [37-68],,,EN,2023-04-25T23:00:00.000Z
SRH_ABORTION_RATE,Abortion rate (model-estimated),numeric,EUR,Europe,Country,CHE,Switzerland,Year,2015-2019,TRUE,Uncertainty interval,80% uncertainty,UNCERTAINTY_INTERVAL_UI80,,,,,,,,,,5.18,,,5,,5,5 [5-5],,,EN,2023-04-25T23:00:00.000Z
SRH_ABORTION_RATE,Abortion rate (model-estimated),numeric,EUR,Europe,Country,CHE,Switzerland,Year,2015-2019,TRUE,Uncertainty interval,95% uncertainty,UNCERTAINTY_INTERVAL_UI95,,,,,,,,,,5.18,,,5,,5,5 [5-5],,,EN,2023-04-25T23:00:00.000Z
SRH_ABORTION_RATE,Abortion rate (model-estimated),numeric,WPR,Western Pacific,Country,SGP,Singapore,Year,2015-2019,TRUE,Uncertainty interval,80% uncertainty,UNCERTAINTY_INTERVAL_UI80,,,,,,,,,,5,,,5,,6,5 [5-6],,,EN,2023-04-25T23:00:00.000Z
SRH_ABORTION_RATE,Abortion rate (model-estimated),numeric,WPR,Western Pacific,Country,SGP,Singapore,Year,2015-2019,TRUE,Uncertainty interval,95% uncertainty,UNCERTAINTY_INTERVAL_UI95,,,,,,,,,,5,,,5,,6,5 [5-6],,,EN,2023-04-25T23:00:00.000Z
SRH_ABORTION_RATE,Abortion rate (model-estimated),numeric,AMR,Americas,Country,CUB,Cuba,Year,2015-2019,TRUE,Uncertainty interval,95% uncertainty,UNCERTAINTY_INTERVAL_UI95,,,,,,,,,,55.12,,,41,,73,55 [41-73],,,EN,2023-04-25T23:00:00.000Z
SRH_ABORTION_RATE,Abortion rate (model-estimated),numeric,AMR,Americas,Country,CUB,Cuba,Year,2015-2019,TRUE,Uncertainty interval,80% uncertainty,UNCERTAINTY_INTERVAL_UI80,,,,,,,,,,55.12,,,45,,66,55 [45-66],,,EN,2023-04-25T23:00:00.000Z
SRH_ABORTION_RATE,Abortion rate (model-estimated),numeric,AFR,Africa,Country,GNB,Guinea-Bissau,Year,2015-2019,TRUE,Uncertainty interval,95% uncertainty,UNCERTAINTY_INTERVAL_UI95,,,,,,,,,,58.51,,,19,,136,59 [19-136],,,EN,2023-04-25T23:00:00.000Z
SRH_ABORTION_RATE,Abortion rate (model-estimated),numeric,AFR,Africa,Country,GNB,Guinea-Bissau,Year,2015-2019,TRUE,Uncertainty interval,80% uncertainty,UNCERTAINTY_INTERVAL_UI80,,,,,,,,,,58.51,,,29,,104,59 [29-104],,,EN,2023-04-25T23:00:00.000Z
SRH_ABORTION_RATE,Abortion rate (model-estimated),numeric,EUR,Europe,Country,MNE,Montenegro,Year,2015-2019,TRUE,Uncertainty interval,80% uncertainty,UNCERTAINTY_INTERVAL_UI80,,,,,,,,,,5.89,,,5,,6,6 [5-6],,,EN,2023-04-25T23:00:00.000Z
SRH_ABORTION_RATE,Abortion rate (model-estimated),numeric,EUR,Europe,Country,MNE,Montenegro,Year,2015-2019,TRUE,Uncertainty interval,95% uncertainty,UNCERTAINTY_INTERVAL_UI95,,,,,,,,,,5.89,,,5,,7,6 [5-7],,,EN,2023-04-25T23:00:00.000Z
SRH_ABORTION_RATE,Abortion rate (model-estimated),numeric,EUR,Europe,Country,DEU,Germany,Year,2015-2019,TRUE,Uncertainty interval,80% uncertainty,UNCERTAINTY_INTERVAL_UI80,,,,,,,,,,5.77,,,6,,6,6 [6-6],,,EN,2023-04-25T23:00:00.000Z
SRH_ABORTION_RATE,Abortion rate (model-estimated),numeric,EUR,Europe,Country,DEU,Germany,Year,2015-2019,TRUE,Uncertainty interval,95% uncertainty,UNCERTAINTY_INTERVAL_UI95,,,,,,,,,,5.77,,,6,,6,6 [6-6],,,EN,2023-04-25T23:00:00.000Z
SRH_ABORTION_RATE,Abortion rate (model-estimated),numeric,WPR,Western Pacific,Country,JPN,Japan,Year,2015-2019,TRUE,Uncertainty interval,80% uncertainty,UNCERTAINTY_INTERVAL_UI80,,,,,,,,,,6,,,6,,7,6 [6-7],,,EN,2023-04-25T23:00:00.000Z
SRH_ABORTION_RATE,Abortion rate (model-estimated),numeric,WPR,Western Pacific,Country,JPN,Japan,Year,2015-2019,TRUE,Uncertainty interval,95% uncertainty,UNCERTAINTY_INTERVAL_UI95,,,,,,,,,,6,,,6,,7,6 [6-7],,,EN,2023-04-25T23:00:00.000Z
SRH_ABORTION_RATE,Abortion rate (model-estimated),numeric,AFR,Africa,Country,MDG,Madagascar,Year,2015-2019,TRUE,Uncertainty interval,95% uncertainty,UNCERTAINTY_INTERVAL_UI95,,,,,,,,,,59.89,,,19,,107,60 [19-107],,,EN,2023-04-25T23:00:00.000Z
SRH_ABORTION_RATE,Abortion rate (model-estimated),numeric,AFR,Africa,Country,MDG,Madagascar,Year,2015-2019,TRUE,Uncertainty interval,80% uncertainty,UNCERTAINTY_INTERVAL_UI80,,,,,,,,,,59.89,,,30,,91,60 [30-91],,,EN,2023-04-25T23:00:00.000Z
SRH_ABORTION_RATE,Abortion rate (model-estimated),numeric,WPR,Western Pacific,Country,VNM,Viet Nam,Year,2015-2019,TRUE,Uncertainty interval,95% uncertainty,UNCERTAINTY_INTERVAL_UI95,,,,,,,,,,64,,,32,,114,64 [32-114],,,EN,2023-04-25T23:00:00.000Z
SRH_ABORTION_RATE,Abortion rate (model-estimated),numeric,WPR,Western Pacific,Country,VNM,Viet Nam,Year,2015-2019,TRUE,Uncertainty interval,80% uncertainty,UNCERTAINTY_INTERVAL_UI80,,,,,,,,,,64,,,41,,93,64 [41-93],,,EN,2023-04-25T23:00:00.000Z
SRH_ABORTION_RATE,Abortion rate (model-estimated),numeric,EUR,Europe,Country,CZE,Czechia,Year,2015-2019,TRUE,Uncertainty interval,80% uncertainty,UNCERTAINTY_INTERVAL_UI80,,,,,,,,,,6.86,,,6,,7,7 [6-7],,,EN,2023-04-25T23:00:00.000Z
SRH_ABORTION_RATE,Abortion rate (model-estimated),numeric,EUR,Europe,Country,PRT,Portugal,Year,2015-2019,TRUE,Uncertainty interval,95% uncertainty,UNCERTAINTY_INTERVAL_UI95,,,,,,,,,,6.77,,,6,,7,7 [6-7],,,EN,2023-04-25T23:00:00.000Z
SRH_ABORTION_RATE,Abortion rate (model-estimated),numeric,EUR,Europe,Country,CZE,Czechia,Year,2015-2019,TRUE,Uncertainty interval,95% uncertainty,UNCERTAINTY_INTERVAL_UI95,,,,,,,,,,6.86,,,6,,8,7 [6-8],,,EN,2023-04-25T23:00:00.000Z
SRH_ABORTION_RATE,Abortion rate (model-estimated),numeric,EUR,Europe,Country,LTU,Lithuania,Year,2015-2019,TRUE,Uncertainty interval,95% uncertainty,UNCERTAINTY_INTERVAL_UI95,,,,,,,,,,7.15,,,6,,8,7 [6-8],,,EN,2023-04-25T23:00:00.000Z
SRH_ABORTION_RATE,Abortion rate (model-estimated),numeric,EUR,Europe,Country,SVK,Slovakia,Year,2015-2019,TRUE,Uncertainty interval,95% uncertainty,UNCERTAINTY_INTERVAL_UI95,,,,,,,,,,7.15,,,6,,8,7 [6-8],,,EN,2023-04-25T23:00:00.000Z
SRH_ABORTION_RATE,Abortion rate (model-estimated),numeric,EUR,Europe,Country,NLD,Netherlands (Kingdom of the),Year,2015-2019,TRUE,Uncertainty interval,80% uncertainty,UNCERTAINTY_INTERVAL_UI80,,,,,,,,,,7.15,,,7,,7,7 [7-7],,,EN,2023-04-25T23:00:00.000Z
SRH_ABORTION_RATE,Abortion rate (model-estimated),numeric,EUR,Europe,Country,NLD,Netherlands (Kingdom of the),Year,2015-2019,TRUE,Uncertainty interval,95% uncertainty,UNCERTAINTY_INTERVAL_UI95,,,,,,,,,,7.15,,,7,,7,7 [7-7],,,EN,2023-04-25T23:00:00.000Z
SRH_ABORTION_RATE,Abortion rate (model-estimated),numeric,EUR,Europe,Country,PRT,Portugal,Year,2015-2019,TRUE,Uncertainty interval,80% uncertainty,UNCERTAINTY_INTERVAL_UI80,,,,,,,,,,6.77,,,7,,7,7 [7-7],,,EN,2023-04-25T23:00:00.000Z
SRH_ABORTION_RATE,Abortion rate (model-estimated),numeric,EUR,Europe,Country,LTU,Lithuania,Year,2015-2019,TRUE,Uncertainty interval,80% uncertainty,UNCERTAINTY_INTERVAL_UI80,,,,,,,,,,7.15,,,7,,8,7 [7-8],,,EN,2023-04-25T23:00:00.000Z
SRH_ABORTION_RATE,Abortion rate (model-estimated),numeric,EUR,Europe,Country,SVK,Slovakia,Year,2015-2019,TRUE,Uncertainty interval,80% uncertainty,UNCERTAINTY_INTERVAL_UI80,,,,,,,,,,7.15,,,7,,8,7 [7-8],,,EN,2023-04-25T23:00:00.000Z
SRH_ABORTION_RATE,Abortion rate (model-estimated),numeric,EUR,Europe,Country,AZE,Azerbaijan,Year,2015-2019,TRUE,Uncertainty interval,95% uncertainty,UNCERTAINTY_INTERVAL_UI95,,,,,,,,,,71.92,,,40,,121,72 [40-121],,,EN,2023-04-25T23:00:00.000Z
SRH_ABORTION_RATE,Abortion rate (model-estimated),numeric,EUR,Europe,Country,AZE,Azerbaijan,Year,2015-2019,TRUE,Uncertainty interval,80% uncertainty,UNCERTAINTY_INTERVAL_UI80,,,,,,,,,,71.92,,,49,,102,72 [49-102],,,EN,2023-04-25T23:00:00.000Z
SRH_ABORTION_RATE,Abortion rate (model-estimated),numeric,EUR,Europe,Country,BEL,Belgium,Year,2015-2019,TRUE,Uncertainty interval,95% uncertainty,UNCERTAINTY_INTERVAL_UI95,,,,,,,,,,7.78,,,6,,9,8 [6-9],,,EN,2023-04-25T23:00:00.000Z
SRH_ABORTION_RATE,Abortion rate (model-estimated),numeric,EUR,Europe,Country,BEL,Belgium,Year,2015-2019,TRUE,Uncertainty interval,80% uncertainty,UNCERTAINTY_INTERVAL_UI80,,,,,,,,,,7.78,,,7,,9,8 [7-9],,,EN,2023-04-25T23:00:00.000Z
SRH_ABORTION_RATE,Abortion rate (model-estimated),numeric,EUR,Europe,Country,SVN,Slovenia,Year,2015-2019,TRUE,Uncertainty interval,95% uncertainty,UNCERTAINTY_INTERVAL_UI95,,,,,,,,,,8.13,,,7,,9,8 [7-9],,,EN,2023-04-25T23:00:00.000Z
SRH_ABORTION_RATE,Abortion rate (model-estimated),numeric,EUR,Europe,Country,FIN,Finland,Year,2015-2019,TRUE,Uncertainty interval,80% uncertainty,UNCERTAINTY_INTERVAL_UI80,,,,,,,,,,8.09,,,8,,8,8 [8-8],,,EN,2023-04-25T23:00:00.000Z
SRH_ABORTION_RATE,Abortion rate (model-estimated),numeric,EUR,Europe,Country,FIN,Finland,Year,2015-2019,TRUE,Uncertainty interval,95% uncertainty,UNCERTAINTY_INTERVAL_UI95,,,,,,,,,,8.09,,,8,,8,8 [8-8],,,EN,2023-04-25T23:00:00.000Z
SRH_ABORTION_RATE,Abortion rate (model-estimated),numeric,EUR,Europe,Country,SVN,Slovenia,Year,2015-2019,TRUE,Uncertainty interval,80% uncertainty,UNCERTAINTY_INTERVAL_UI80,,,,,,,,,,8.13,,,8,,9,8 [8-9],,,EN,2023-04-25T23:00:00.000Z
SRH_ABORTION_RATE,Abortion rate (model-estimated),numeric,EUR,Europe,Country,GEO,Georgia,Year,2015-2019,TRUE,Uncertainty interval,95% uncertainty,UNCERTAINTY_INTERVAL_UI95,,,,,,,,,,80.3,,,46,,133,80 [46-133],,,EN,2023-04-25T23:00:00.000Z
SRH_ABORTION_RATE,Abortion rate (model-estimated),numeric,EUR,Europe,Country,GEO,Georgia,Year,2015-2019,TRUE,Uncertainty interval,80% uncertainty,UNCERTAINTY_INTERVAL_UI80,,,,,,,,,,80.3,,,55,,113,80 [55-113],,,EN,2023-04-25T23:00:00.000Z
SRH_ABORTION_RATE,Abortion rate (model-estimated),numeric,EUR,Europe,Country,ALB,Albania,Year,2015-2019,TRUE,Uncertainty interval,95% uncertainty,UNCERTAINTY_INTERVAL_UI95,,,,,,,,,,9.45,,,5,,18,9 [5-18],,,EN,2023-04-25T23:00:00.000Z
SRH_ABORTION_RATE,Abortion rate (model-estimated),numeric,EUR,Europe,Country,ALB,Albania,Year,2015-2019,TRUE,Uncertainty interval,80% uncertainty,UNCERTAINTY_INTERVAL_UI80,,,,,,,,,,9.45,,,6,,14,9 [6-14],,,EN,2023-04-25T23:00:00.000Z
SRH_ABORTION_RATE,Abortion rate (model-estimated),numeric,EUR,Europe,Country,ESP,Spain,Year,2015-2019,TRUE,Uncertainty interval,80% uncertainty,UNCERTAINTY_INTERVAL_UI80,,,,,,,,,,8.73,,,8,,9,9 [8-9],,,EN,2023-04-25T23:00:00.000Z
SRH_ABORTION_RATE,Abortion rate (model-estimated),numeric,EUR,Europe,Country,ESP,Spain,Year,2015-2019,TRUE,Uncertainty interval,95% uncertainty,UNCERTAINTY_INTERVAL_UI95,,,,,,,,,,8.73,,,8,,9,9 [8-9],,,EN,2023-04-25T23:00:00.000Z
